lower case,distance from niger,population_density,median_age,gdp_per_capita,population,Meningitis,Lower respiratory infections,Protein-energy malnutrition,Terrorism (deaths),Cardiovascular diseases,Alzheimer disease and other dementias,Chronic kidney disease,Chronic respiratory diseases,Cirrhosis and other chronic liver diseases,Digestive diseases,Hepatitis,Neoplasms,Parkinson disease,"Fire, heat, and hot substances",Malaria,Drowning,Interpersonal violence,HIV/AIDS,Drug use disorders,Tuberculosis,Road injuries,Maternal disorders,Neonatal disorders,Alcohol use disorders,Exposure to forces of nature,Diarrheal diseases,Environmental heat and cold exposure,Nutritional deficiencies,Self-harm,Conflict and terrorism,Diabetes mellitus,Poisonings
afghanistan,0.034096578,54.422,18.6,1803.987,38928341,0.169251189,0.55052847,0.035186267,0.156492669,1.441586735,0.074320429,0.10006111,0.177695037,0.057618484,0.132781641,0.024161392,0.428234535,0.011718665,0.012453585,0.031355074,0.051444756,0.090078691,0.007762131,0.008896834,0.093352578,0.223290122,0.105205896,0.706984662,0.003223228,0.003981675,0.158655644,0.003940137,0.03700805,0.044328244,0.042693831,0.15357608,0.009386329
albania,0.113122931,104.871,38,11803.431,2877800,0.006465651,0.132619744,0.001131988,-1,4.220227257,0.464743902,0.125977205,0.255761102,0.107303391,0.170093787,0.001028228,1.509824519,0.081179651,0.005836868,-1,0.013072006,0.023923323,0.0004468,0.007988377,0.004165335,0.086015463,0.001207769,0.063828306,0.005374025,0.000347488,0.002411508,0.003658378,0.001549426,0.056285148,-1,0.046911356,0.0039558
algeria,0.07424309,17.348,29.1,13913.839,43851043,0.008656909,0.107722911,0.001836149,0.000273654,1.810426037,0.186432099,0.104376605,0.125616624,0.066933984,0.109466678,0.007131057,0.493855528,0.025996143,0.01678312,0.000137191,0.011614148,0.010003575,0.007449326,0.023048004,0.009511046,0.157474248,0.014371177,0.14848632,0.002972164,-1,0.008602867,0.001142365,0.00222809,0.038737163,0.003078604,0.118618273,0.00836116
angola,0.01606743,23.89,16.8,5819.495,32866268,0.098324823,0.441437403,0.134856869,0.000212984,0.66282731,0.05018498,0.085474962,0.114117824,0.161084094,0.251752526,0.012520935,0.366327871,0.007307535,0.021647831,0.256526144,0.061013773,0.027071626,0.443758932,0.005083422,0.347146807,0.206327837,0.064715379,0.54408094,0.007515152,0.00033469,0.529123051,0.004304142,0.137399141,0.053124225,0.001703875,0.108261364,0.008684661
antigua and barbuda,0.098340796,231.845,32.1,21490.943,97928,0.009691641,0.332324054,0.02279876,-1,1.907291071,0.27490299,0.265382832,0.120330447,0.114060228,0.211012479,0.001956499,1.220682542,0.048477974,0.018322094,-1,0.044910077,0.048542235,0.076678856,0.009318275,0.003756566,0.068277867,0.00653716,0.052151479,0.067121528,0.010211584,0.014329211,0.004693898,0.023470152,0.026815364,-1,0.46444837,0.004555051
argentina,0.088526036,16.177,31.9,18933.907,45195777,0.010951209,0.687191195,0.021763263,-1,2.340411141,0.411915034,0.239719299,0.420226872,0.16254439,0.329806035,0.003947384,1.638779216,0.064552801,0.016735413,-1,0.015705773,0.060481005,0.03803935,0.01765457,0.015031238,0.142874388,0.00838221,0.079655871,0.018963947,2.21E-05,0.014413891,0.002239152,0.023793241,0.111177887,-1,0.206769517,0.007915428
armenia,0.100575916,102.931,35.7,8787.58,2963234,0.002908472,0.169026172,0.000428083,-1,4.600092332,0.458028964,0.144982374,0.442296491,0.373686317,0.580397633,0.001954469,1.942342724,0.06073604,0.012448153,-1,0.016183396,0.037709104,0.008007744,0.014171142,0.025851721,0.081622849,0.003082314,0.047566848,0.019624765,-1,0.004458089,0.015437154,0.001191411,0.101808936,-1,0.385396496,0.00704807
australia,0.110193659,3.202,37.9,44648.71,25499881,0.002227402,0.174556815,0.003733565,0.000156863,2.04316875,0.671332152,0.174723913,0.424392569,0.085755381,0.239669315,0.004237341,1.970757432,0.091303916,0.006358618,-1,0.008449941,0.012839295,0.003003148,0.047941479,0.003476853,0.065129716,0.000578992,0.021181279,0.023690789,0.00047059,0.007353905,0.002711162,0.004762167,0.119811892,-1,0.147258217,0.002086601
austria,0.128055905,106.749,44.4,45436.686,9006400,0.00359,0.106709218,0.000167282,0.000222064,3.484870759,0.83059591,0.305727816,0.375632106,0.206534131,0.358320861,0.000626227,2.414357568,0.110391499,0.009732965,-1,0.007337186,0.007626126,0.00421577,0.019806926,0.005691441,0.053441653,0.000411606,0.014210395,0.054340258,-1,0.010894202,0.006960611,0.000964644,0.157892388,-1,0.228640189,0.003526345
azerbaijan,0.093919869,119.309,32.4,15847.419,10139175,0.00992563,0.301295026,0.00281472,0.000493137,3.971343822,0.244787865,0.115314017,0.230739779,0.30976465,0.388620573,0.004932468,1.080334445,0.035434865,0.03878064,-1,0.030328641,0.036892015,0.00310838,0.006829118,0.068134735,0.063617306,0.004429747,0.224308881,0.034134858,-1,0.018981456,0.011055554,0.003757102,0.042553127,-1,0.172755574,0.008904839
bahamas,0.098904868,39.497,34.3,27717.847,393248,0.010406433,0.266806443,0.007593297,-1,2.035780474,0.235160637,0.235799902,0.13230333,0.136599957,0.263496064,0.002529144,1.34768543,0.040750036,0.022702953,-1,0.065664593,0.273267505,0.290482342,0.011362629,0.018826478,0.152794064,0.01246578,0.063559052,0.053128865,-1,0.009682043,0.006018802,0.010528804,0.032707732,-1,0.324380544,0.002884861
bangladesh,0.082463411,1265.036,27.5,3523.984,164689383,0.008137641,0.233902874,0.024121482,0.000151801,1.946467915,0.104780403,0.101908998,0.499583328,0.160240627,0.273196117,0.019410851,0.602963337,0.020570919,0.010148292,0.019882144,0.085184665,0.014956617,0.003807415,0.019525138,0.079918145,0.071639409,0.028598371,0.32454284,0.00156503,0.000989742,0.183053209,0.000422788,0.030127577,0.056728277,0.000722572,0.209872242,0.003191413
barbados,0.117103356,664.463,39.8,16978.068,287371,0.013275101,0.63668707,0.01606517,-1,2.924607215,0.594451075,0.311641258,0.219872256,0.13464953,0.326627635,0.003977663,2.357084744,0.086644442,0.0179331,-1,0.039347777,0.111924411,0.086925368,0.006351914,0.005946954,0.106425805,0.007934618,0.062465732,0.02598449,-1,0.014072638,0.00217825,0.02108133,0.051833623,-1,0.842654965,0.002457541
belarus,0.11907591,46.858,40.3,17167.967,9449321,0.005401801,0.124299725,0.00142479,-1,7.726929797,0.693161022,0.051360272,0.21852332,0.268086247,0.476031241,0.002252209,1.963944288,0.073955832,0.065945648,-1,0.066681532,0.068600749,0.032161993,0.042735399,0.036479849,0.104773592,0.001289398,0.025910317,0.296588189,-1,0.001466904,0.067923558,0.004795332,0.249432314,-1,0.03783565,0.032055436
belgium,0.119843634,375.564,41.8,42658.576,11589616,0.004108989,0.489160469,0.017898945,0.000172568,2.777850448,0.910326106,0.180916607,0.587099003,0.172947835,0.441012196,0.003359576,2.655994815,0.105989189,0.015663901,-1,0.008035768,0.013080356,0.005339742,0.023790762,0.007779888,0.089334539,0.000689895,0.015554873,0.044493277,-1,0.060176964,0.007439537,0.02325813,0.183948545,-1,0.123938187,0.003701929
belize,0.072040108,16.426,25,7824.362,397621,0.007720701,0.277950108,0.025099122,-1,1.066964773,0.16346536,0.212511864,0.17262539,0.143774021,0.231703029,0.00277224,0.695999205,0.027731533,0.010686971,0.000582884,0.06458683,0.266596835,0.2040983,0.005451576,0.034045309,0.181731071,0.012585912,0.169646246,0.028780296,-1,0.028747274,0.002296896,0.028089336,0.070264649,-1,0.31574615,0.005660181
benin,0.028950299,99.11,18.8,2064.236,12123198,0.141559183,0.623977683,0.109006716,-1,0.760648057,0.095706265,0.106537813,0.163548595,0.104716594,0.216860601,0.016587851,0.44819329,0.01517084,0.021424339,0.778094278,0.034673112,0.047706389,0.149282805,0.00807271,0.238366147,0.255128886,0.093496782,0.794093852,0.010670559,-1,0.526532026,0.009617611,0.113419825,0.05722189,0.001072324,0.100315115,0.009043332
bhutan,0.094198699,21.188,28.6,8708.597,771612,0.025328403,0.232929374,0.006423485,-1,1.498802507,0.161703032,0.176180256,0.578404561,0.203341705,0.330270784,0.026123777,0.632799386,0.028167123,0.012742919,0.023695264,0.030025492,0.012491588,0.105415351,0.005643426,0.084576303,0.091157343,0.036952717,0.26523123,0.016450055,-1,0.171675661,0.002837626,0.011145784,0.063546472,-1,0.156384038,0.003484608
bolivia,0.068454294,10.202,25.4,6885.829,11673029,0.014392134,0.459145694,0.048727618,-1,1.308558387,0.227091614,0.271154214,0.267451833,0.189789214,0.34931319,0.004725008,1.044750253,0.040959146,0.015879777,0.000431249,0.036772658,0.058651461,0.099990671,0.012709974,0.098120034,0.18228979,0.039726544,0.242062964,0.026072462,-1,0.047629291,0.005811251,0.054955171,0.057247223,-1,0.248670675,0.00806971
bosnia and herzegovina,0.129592825,68.496,42.5,11713.895,3280815,0.003577776,0.109605327,0.000618479,-1,5.519153015,0.606737046,0.184210753,0.399341017,0.175990661,0.34622129,0.002001314,2.728083113,0.098775182,0.012439299,-1,0.010765032,0.025233834,0.000468143,0.008704154,0.041042515,0.081876637,0.000601246,0.026593804,0.034297484,-1,0.002635894,0.001147507,0.001865476,0.094972164,-1,0.698942488,0.006179504
botswana,0.059354422,4.044,25.8,15807.374,2351625,0.030253425,0.326455026,0.033205966,-1,1.083435497,0.137379514,0.112330537,0.216717631,0.079702376,0.186183214,0.003309224,0.632251741,0.015099448,0.026895747,0.002397349,0.019299905,0.077393845,1.744163717,0.01111275,0.189009642,0.126965056,0.017232748,0.185245607,0.011030492,-1,0.245321044,0.004983486,0.034372296,0.085100473,-1,0.284202328,0.009739495
brazil,0.10196776,25.04,33.5,14103.452,212559409,0.011342118,0.395527822,0.030945156,-1,1.826633325,0.34540447,0.166307011,0.342236932,0.170631543,0.341344052,0.005070333,1.152474507,0.043055619,0.007923902,0.000275094,0.03010348,0.300270359,0.072478184,0.010512788,0.026406632,0.217736257,0.009663007,0.100042619,0.050984617,6.59E-05,0.030873246,0.001406693,0.033860331,0.066546337,-1,0.265683605,0.001820656
brunei,0.103000392,81.347,32.4,71809.251,437483,0.006385206,0.208874905,0.000696598,-1,1.157495948,0.117700116,0.160612115,0.222264248,0.056046178,0.122214532,0.011560648,1.102443524,0.023051776,0.013836437,-1,0.042965601,0.014614223,0.010662231,0.006896673,0.040414393,0.154929723,0.007941326,0.048661434,0.003606216,-1,0.005936519,0.001860116,0.002037757,0.062707694,-1,0.383873659,0.004355262
bulgaria,0.130958549,65.18,44.7,18563.307,6948445,0.007046394,0.222870297,0.000564885,-1,9.443714385,0.855635901,0.208191185,0.474811271,0.29402924,0.509868323,0.003503719,2.696178785,0.119663119,0.015723907,-1,0.020836561,0.02564758,0.007860179,0.011542005,0.01650883,0.103520284,0.001657564,0.024467187,0.014946193,-1,0.003600341,0.015322723,0.001429854,0.143167558,-1,0.22791603,0.006732793
burkina faso,0.022206764,70.151,17.6,1703.102,20903278,0.265534334,0.916998281,0.189912654,0.002535487,0.936188573,0.087438965,0.132464918,0.120707384,0.09996126,0.258276477,0.018021049,0.53083923,0.014807505,0.03535346,1.462666765,0.057881831,0.103904182,0.126144282,0.006527579,0.353584926,0.167287494,0.089102197,0.734716344,0.012575559,9.57E-05,0.587759011,0.004604415,0.201841836,0.072112948,0.004736099,0.134770776,0.015945662
burundi,0.022694263,423.062,17.5,702.225,11890781,0.125588218,0.622889195,0.214260863,0.001681975,0.757849379,0.050877684,0.081754874,0.152292436,0.144558124,0.286958863,0.01184775,0.396187853,0.00779423,0.027858422,0.728184044,0.037229018,0.005241772,0.220340195,0.002383146,0.7652515,0.192338754,0.089530032,0.629213001,0.009238241,0.000504593,0.453907695,0.002387571,0.218911441,0.058665087,0.019931399,0.11594352,0.012297468
cambodia,0.070187978,90.672,25.6,3645.07,16718971,0.021687979,0.590105515,0.018857399,-1,1.490119817,0.159069239,0.109929552,0.264898779,0.539364354,0.684594166,0.036421087,0.757378549,0.024243908,0.015265634,0.073465586,0.077986917,0.022973411,0.082439822,0.003394171,0.179331312,0.238131282,0.025431332,0.244896591,0.011634245,-1,0.099849925,0.001265214,0.021761381,0.0395475,5.98E-05,0.164850157,0.005559988
cameroon,0.031419558,50.885,18.8,3364.926,26545864,0.117172415,0.608320754,0.073056805,0.008588909,0.853718304,0.096077528,0.122377558,0.191979549,0.153709369,0.281536325,0.014320702,0.552162476,0.017147357,0.021177001,0.830280755,0.033219917,0.027431219,0.858993326,0.020617076,0.304280283,0.154757818,0.097659093,0.501450998,0.013395522,0.000113012,0.476308475,0.009644493,0.076506495,0.081811615,0.016801111,0.1355323,0.008913626
canada,0.123281199,4.037,41.4,44017.591,37742157,0.002947132,0.239730655,0.007139852,0.000158973,2.141841019,0.668203728,0.161287311,0.42746444,0.128358244,0.298956681,0.002542925,2.284698779,0.102322239,0.013641054,-1,0.008620443,0.014423839,0.007253242,0.055012913,0.003559608,0.072613126,0.000815972,0.025585933,0.033466847,0.000105982,0.039966794,0.003649299,0.00895953,0.122310445,-1,0.184392853,0.003740006
chad,0.015592126,11.833,16.7,1768.153,16425859,0.257627744,1.182352168,0.256471762,0.003774536,0.797161963,0.071498726,0.095464414,0.154541202,0.12421396,0.256357491,0.022484797,0.403001329,0.012761543,0.03344812,0.46751972,0.059646043,0.053353301,0.299888791,0.005317106,0.404784736,0.158423617,0.167137439,1.045133165,0.006721219,-1,1.516072919,0.012463245,0.263963425,0.04817124,0.018081246,0.08773459,0.012194473
chile,0.108877443,24.282,35.4,22767.037,19116209,0.006713836,0.240006426,0.021786532,-1,1.564423678,0.436302669,0.221020025,0.321223261,0.260527336,0.416159344,0.001707765,1.5754426,0.066520825,0.018914624,-1,0.021023389,0.041804884,0.026393596,0.006770694,0.024266658,0.119316806,0.002916057,0.037437203,0.035121566,0.001464726,0.020836469,0.002538864,0.023215822,0.107835241,-1,0.174274617,0.003073882
china,0.118562071,147.674,38.7,15308.712,1439323774,0.005152437,0.124634848,0.00560436,1.11E-05,3.041686714,0.340583272,0.122203706,0.701499564,0.106834545,0.197079771,0.006613375,1.811202627,0.051553168,0.007528202,7.29E-05,0.044312934,0.010098895,0.024177791,0.01559424,0.02728935,0.18189257,0.001556641,0.037560236,0.014598362,0.000399493,0.00453801,0.003392333,0.007422076,0.089337995,-1,0.106428104,0.018845836
colombia,0.094934707,44.223,32.2,13254.949,50882884,0.00975464,0.154286793,0.021911514,0.00165085,1.336863099,0.295779029,0.167081901,0.30075752,0.076375545,0.213172665,0.001268618,0.915354759,0.03562811,0.004257052,0.000736232,0.022641838,0.295842115,0.051816226,0.004660891,0.018584623,0.146167344,0.008395389,0.0965914,0.002362166,0.006878541,0.01695613,0.00034769,0.0226621,0.057294689,-1,0.120959417,0.001800682
comoros,0.040717586,437.352,20.4,1413.89,869595,0.079729621,0.441202054,0.058451808,-1,1.129276157,0.123964144,0.119977346,0.165565464,0.100844934,0.269872872,0.01265312,0.650023287,0.017011919,0.022313146,0.001201664,0.021174869,0.062957089,0.001872446,0.004143919,0.35125179,0.129907946,0.035587705,0.329453711,0.009505662,-1,0.312913943,0.003137494,0.06128415,0.050091951,-1,0.173474319,0.009733708
congo,0.035175412,15.405,19,4881.406,5518092,0.074582156,0.418262146,0.059525521,-1,1.182900901,0.088502783,0.121559608,0.1958793,0.183767686,0.292637383,0.010439188,0.593589233,0.013756851,0.020800233,0.406663209,0.044775658,0.045854908,1.009618905,0.012824034,0.412939835,0.222640362,0.094520479,0.311155378,0.013083791,-1,0.381915706,0.004986836,0.061893513,0.083835862,0.004530552,0.187382342,0.008277798
costa rica,0.102731108,96.079,33.6,15524.995,5094114,0.007710886,0.102288367,0.003298903,-1,1.345100443,0.28617793,0.248356044,0.261321988,0.164974164,0.303454732,0.004638577,1.122281912,0.041408477,0.008267061,-1,0.029879956,0.095042828,0.030077792,0.009662891,0.011344334,0.153573831,0.00388272,0.051036039,0.022411552,0.003729795,0.020280151,0.000747019,0.003691239,0.077628298,-1,0.080114756,0.002777729
croatia,0.128378505,73.726,44,22669.797,4105268,0.004220553,0.13691854,0.000149005,-1,5.706294936,0.820757378,0.201851791,0.460470303,0.266795493,0.512714639,0.000403027,3.300342389,0.112663193,0.011168752,-1,0.020205412,0.011628761,0.002192675,0.018159114,0.013355545,0.092355018,0.000521234,0.017544721,0.06185053,-1,0.00743636,0.006088855,0.00073259,0.172344388,-1,0.24346201,0.00473496
cuba,0.121681736,110.408,43.1,-1,11326616,0.008821592,0.501324844,0.003744933,-1,3.3194813,0.616990723,0.206581383,0.388983788,0.164992616,0.350446859,0.000974032,2.313405875,0.0762017,0.009671971,-1,0.027303353,0.060810925,0.031897479,0.006767192,0.003826634,0.098948971,0.004690366,0.016324752,0.062122076,0.000882876,0.024428885,0.006428361,0.005320403,0.1581083,-1,0.156216208,0.003183708
cyprus,0.116536371,127.657,37.3,32415.132,875899,0.002773051,0.202524264,0.006381463,-1,3.088719133,0.551180444,0.291797342,0.541528532,0.14030636,0.328945118,0.00309335,2.349951307,0.092419925,0.013955741,-1,0.02873708,0.023251117,0.002120354,0.019391128,0.004727596,0.172989009,0.001007182,0.020722926,0.010844455,-1,0.026755882,0.007674921,0.007560631,0.080503996,-1,0.457643404,0.003205293
czechia,0.128462625,137.176,43.3,32605.906,10708982,0.004045384,0.30091385,0.00565229,-1,4.571873405,0.707897912,0.117394165,0.360804603,0.203097176,0.422067382,0.001623538,2.701225009,0.088338854,0.013734284,-1,0.018062128,0.01130875,0.002216797,0.013081832,0.00503884,0.079682868,0.000523144,0.011102521,0.041620651,-1,0.024117381,0.013961645,0.007461205,0.141627748,-1,0.276217571,0.00775166
democratic republic of congo,0.035175412,35.879,17,808.133,89561404,0.112007177,0.654157677,0.142198642,0.006654652,0.929658159,0.065035459,0.089564395,0.184553829,0.142392029,0.274808108,0.015983448,0.37943465,0.009053867,0.023371831,0.906936207,0.065626707,0.027500663,0.183273478,0.006138469,0.595165525,0.228910101,0.113511843,0.602377895,0.008333878,0.005917728,0.4093242,0.005022904,0.145815937,0.060626316,0.031162966,0.12035843,0.01101624
denmark,0.121453116,136.52,42.3,46682.515,5792203,0.005939474,0.410364934,0.005868919,-1,2.507615842,0.772858444,0.167148631,0.745735086,0.163526123,0.436723471,0.001164801,3.004772105,0.095146803,0.017073744,-1,0.005918741,0.007993548,0.004648615,0.042163543,0.005005399,0.048801035,0.000376925,0.018194891,0.139387639,-1,0.057188327,0.004998589,0.011343133,0.119950768,-1,0.223438301,0.002111152
djibouti,0.076913936,41.285,25.4,2705.406,988002,0.097328082,0.463145014,0.092426331,-1,1.093697179,0.089616549,0.140699918,0.147074095,0.144871569,0.266789845,0.01394732,0.748929456,0.014207299,0.026119684,0.001765695,0.028682705,0.086700462,0.732369266,0.006652878,0.404379849,0.17695035,0.132332121,0.344586246,0.014119303,-1,0.253153131,0.002857127,0.095211872,0.061680584,0.001012144,0.199536438,0.011466191
dominican republic,0.078518403,222.873,27.6,14600.861,10847904,0.02053582,0.216164155,0.013101637,0.000184367,2.210817869,0.276666626,0.212797975,0.157194791,0.148591285,0.230451615,0.010384725,0.91692432,0.039788009,0.012212663,0.000172866,0.026982853,0.216379404,0.236145619,0.011127634,0.048308097,0.290547096,0.021842478,0.289410286,0.015067749,-1,0.037659791,0.004732877,0.014569358,0.085320086,-1,0.220095329,0.003440606
ecuador,0.078161035,66.939,28.1,10581.936,17643060,0.008563934,0.291848239,0.030886672,-1,1.115417054,0.281732647,0.325275207,0.191971291,0.195918679,0.348876612,0.002551132,0.912383679,0.039155702,0.012221996,0.000385219,0.036573015,0.1312579,0.061954049,0.012165276,0.037725423,0.253046977,0.013611624,0.109790535,0.02425696,-1,0.020834702,0.003328372,0.035935359,0.088519679,-1,0.248745286,0.005899623
egypt,0.057926444,97.999,25.3,10550.206,102334403,0.009340186,0.225702201,0.007936058,0.008569943,2.273669393,0.096271339,0.12815866,0.195344473,0.436729376,0.489577488,0.009539731,0.469288808,0.018332769,0.019567388,-1,0.015345113,0.006296459,0.000633356,0.001084757,0.009928782,0.263308713,0.012864149,0.091985371,0.001971152,-1,0.071814911,0.000607237,0.008371702,0.046472553,0.011618771,0.13520673,0.002511596
el salvador,0.0762852,307.811,27.6,7292.458,6486201,0.014605038,0.389389876,0.036776551,-1,1.51781374,0.382187971,0.633127003,0.205556843,0.228124753,0.354890636,0.002330466,0.869190301,0.046542961,0.007691009,7.68E-05,0.039898841,0.53200664,0.112230811,0.009512376,0.013831357,0.197628165,0.006668993,0.079261127,0.145766913,-1,0.049169352,0.000731018,0.036993026,0.094482333,-1,0.331582077,0.002250914
equatorial guinea,0.07351349,45.194,22.4,22604.873,1402985,0.049906093,0.263083782,0.035571571,-1,0.505106469,0.069518213,0.095509075,0.101492888,0.106186595,0.188810358,0.005088007,0.370110158,0.008654939,0.014230131,0.643170811,0.035506139,0.032068561,1.249185843,0.007375717,0.152866139,0.160302213,0.051048457,0.331328346,0.008264736,-1,0.144012017,0.002238598,0.036612615,0.047144474,-1,0.125261425,0.00516447
eritrea,0.037701529,44.304,19.3,1510.459,3546427,0.261443193,1.05375523,0.315069505,-1,1.469323914,0.109377438,0.180642038,0.282683106,0.313593372,0.593293475,0.034950557,1.118740637,0.01717241,0.049492461,0.002702725,0.068094592,0.187084296,0.428748146,0.012794122,1.430051429,0.362759758,0.216013131,0.849582975,0.028007998,-1,1.049900646,0.007437018,0.323449771,0.158079949,-1,0.255366796,0.02314765
estonia,0.121605028,31.033,42.7,29481.252,1326539,0.004857443,0.163394895,0.000570534,-1,5.837507981,0.843064546,0.202392617,0.22085555,0.220286475,0.453710596,0.000517223,2.608996042,0.090626736,0.042904295,-1,0.036031719,0.04462585,0.028030363,0.070812332,0.019846902,0.067928014,0.000346521,0.009241485,0.163267948,-1,0.001931177,0.039213932,0.001176921,0.165511078,-1,0.091059743,0.006159183
eswatini,0.048329983,79.492,21.5,7738.975,1160164,0.069735331,0.581314194,0.066138598,-1,1.262694757,0.095989015,0.183315635,0.279530825,0.109229557,0.218255264,0.007012334,0.727508956,0.012075758,0.041293007,0.004564356,0.04731263,0.22763661,2.160080816,0.020913483,0.449423875,0.319372865,0.029612408,0.310526098,0.016009935,-1,0.469487417,0.010310103,0.06781199,0.179012795,-1,0.503341079,0.015950391
ethiopia,0.036468403,104.957,19.8,1729.927,114963583,0.109074454,0.413731103,0.107425932,0.000582793,0.510764526,0.067405858,0.079003427,0.097959803,0.139774175,0.241471075,0.014324449,0.372251881,0.009046995,0.017512972,0.024212241,0.026019292,0.060657661,0.149446108,0.002399415,0.309648317,0.084738799,0.064807879,0.599309348,0.006886598,0.001000317,0.505417355,0.007358111,0.110306931,0.044414691,0.00922901,0.096110696,0.009518031
fiji,0.076722857,49.562,28.6,8702.975,896444,0.024543619,0.348096702,0.016830477,-1,2.848139984,0.148663609,0.309656153,0.421834047,0.073250844,0.188566492,0.00797252,0.824438559,0.026438997,0.034758301,-1,0.071929055,0.04041572,0.011594645,0.004823,0.036733572,0.094184969,0.01317007,0.194762082,0.002162684,-1,0.096091078,0.003674581,0.017537838,0.095311285,-1,1.760758062,0.0049562
finland,0.124386254,18.136,42.8,40585.721,5540718,0.003389081,0.128731601,0.000709523,0.000360964,3.854969699,1.542368877,0.102761664,0.321941488,0.212525525,0.436099798,0.000416962,2.362349067,0.123024507,0.013256363,-1,0.021006032,0.015748297,0.001170005,0.052116693,0.010335238,0.052212854,0.000363422,0.008291494,0.10801804,-1,0.008573705,0.01872492,0.002129659,0.156702254,-1,0.070414304,0.003217319
france,0.116986173,122.578,42,38605.671,67564251,0.003870516,0.306854434,0.040873509,0.000103605,2.304217063,1.044447899,0.13734235,0.309579692,0.157199848,0.404797798,0.001229443,2.697303638,0.113765177,0.017918973,-1,0.015422623,0.008066779,0.007270262,0.02917722,0.01494419,0.059987019,0.00077585,0.018255808,0.053682975,1.48E-05,0.017839582,0.010210611,0.044619647,0.163806004,-1,0.156571409,0.003890162
gabon,0.052851688,7.859,23.1,16562.413,2225728,0.047738987,0.33950631,0.033792975,-1,1.001803455,0.118730007,0.133162857,0.131405859,0.189349867,0.270020596,0.007186565,0.557265308,0.015763629,0.015852436,0.31667378,0.03185582,0.036393796,0.289216292,0.011301556,0.255826633,0.1952425,0.036702791,0.283130059,0.012232865,-1,0.157793989,0.003660387,0.035368149,0.071053471,-1,0.200787967,0.006246806
gambia,0.022548762,207.566,17.5,1561.767,2416664,0.117326157,0.511170357,0.088924236,-1,1.111340261,0.110714439,0.100655697,0.166518887,0.117699026,0.233319899,0.014674961,0.451193877,0.01938365,0.020066203,0.055690696,0.028159165,0.010958582,0.365252803,0.010310461,0.250073821,0.118413689,0.129238653,0.50316221,0.008527329,-1,0.254929771,0.00836768,0.092537688,0.049339544,0.001241381,0.121260382,0.008323395
georgia,0.105553248,65.032,38.7,9745.079,3989175,0.007754821,0.192184825,0.000923895,-1,7.517674707,0.574382422,0.19671298,0.445270764,0.346220459,0.48591576,0.008448143,1.986786491,0.083138218,0.044682397,-1,0.03400475,0.035508269,0.008620873,0.019117788,0.03999624,0.181518535,0.004793224,0.083252302,0.016824449,-1,0.004751032,0.011978356,0.00292299,0.086537317,-1,0.30320555,0.00880933
germany,0.130773016,237.016,46.6,45229.245,83783945,0.003202359,0.301212482,0.003456754,1.19E-05,4.253349493,0.999982395,0.319322395,0.553502822,0.233429448,0.533929502,0.002398175,3.016847679,0.151768218,0.009273119,-1,0.006596477,0.007975347,0.005544561,0.024092838,0.005533102,0.056287443,0.000672698,0.01522898,0.077614357,-1,0.045479787,0.003693413,0.005436669,0.145787358,-1,0.228366067,0.001545061
ghana,0.046953785,126.719,21.1,4227.63,31072945,0.138249915,0.571576013,0.073627685,-1,1.178349526,0.089003698,0.114948551,0.141413503,0.128858015,0.274866383,0.019620345,0.565080973,0.01483562,0.020562653,0.603659872,0.025437084,0.029038635,0.446616824,0.018098629,0.294216496,0.173162988,0.035583978,0.545514112,0.012879832,0.000611464,0.235235025,0.008321413,0.077569249,0.061396401,0.001576935,0.169184543,0.009630552
greece,0.132734191,83.479,45.3,24574.382,10423056,0.004225425,0.409567597,0.000215485,-1,4.882939322,1.102263098,0.343621007,0.582247759,0.125487285,0.34341032,0.008005491,2.99770432,0.140046547,0.01362656,-1,0.034439285,0.012486635,0.002837412,0.018944597,0.014330461,0.117166309,0.000784546,0.014751988,0.003894105,0.002302588,0.003371388,0.003068511,0.000734863,0.049651129,-1,0.108569598,0.002378447
grenada,0.094759311,317.132,29.4,13593.877,112519,0.007572765,0.740005688,0.034086279,-1,3.649561407,0.449326691,0.449064958,0.269677566,0.165750229,0.367624135,0.003819853,2.026820359,0.077352029,0.025818919,-1,0.064549658,0.052168336,0.05463615,0.014434158,0.006519423,0.103262471,0.01337671,0.087040891,0.035508945,-1,0.014814129,0.004263858,0.037108142,0.054381384,-1,0.84799936,0.005250989
guatemala,0.057112641,157.834,22.9,7423.808,17915567,0.02033407,0.541175337,0.107012856,-1,0.837767512,0.12036923,0.282708719,0.111346239,0.258060211,0.407484173,0.00264337,0.615866637,0.019764845,0.014667507,0.000745825,0.043223098,0.345686966,0.039095045,0.019896083,0.022782851,0.150243528,0.026656594,0.205137353,0.094320319,0.00106053,0.165055284,0.004307741,0.114254492,0.053542687,-1,0.308727153,0.013663453
guinea,0.026319548,51.755,19,1998.926,13132792,0.18954431,0.916255279,0.175758437,-1,1.229826072,0.12149016,0.121684635,0.220689325,0.128577153,0.238406959,0.019681786,0.618657251,0.0206903,0.027671267,0.864664574,0.045505038,0.056892152,0.227586107,0.008596101,0.450544484,0.150635676,0.149335572,0.762331422,0.008806833,-1,0.402615148,0.012122342,0.183773108,0.056824809,0.002132068,0.12785126,0.011049851
guinea-bissau,0.030671322,66.191,19.4,1548.675,1967998,0.163641731,0.583952829,0.100541616,-1,1.129113952,0.070587927,0.13219734,0.187765689,0.147531959,0.268088585,0.023609607,0.502786944,0.012165454,0.024572428,0.11929443,0.046240784,0.076778686,0.731848813,0.011357979,0.437557558,0.197271491,0.069388892,0.836334183,0.009614212,-1,0.677351298,0.013281462,0.106155596,0.071446617,-1,0.128779704,0.010368618
guyana,0.076817291,3.952,26.3,7435.047,786559,0.009833462,0.315917433,0.044353329,-1,2.586313296,0.170294028,0.229902525,0.143434631,0.220793354,0.35704518,0.006903759,0.789858231,0.027102163,0.017040095,0.01547786,0.069523024,0.161133621,0.249001156,0.013963898,0.061498667,0.149420959,0.024475685,0.246840987,0.049807529,-1,0.057453236,0.010792628,0.050942879,0.24084309,-1,0.539933686,0.004479612
haiti,0.061553372,398.448,24.3,1653.173,11402533,0.075148285,0.526466005,0.051817697,-1,2.102829257,0.112418179,0.182686514,0.27488287,0.145259917,0.317395793,0.008305101,0.882667912,0.023859699,0.028340747,0.000832531,0.079666676,0.192060659,0.337648749,0.006611218,0.089548962,0.393546943,0.090866389,0.420386242,0.026463585,0.002718694,0.324741354,0.00783095,0.05675588,0.073312246,-1,0.35107901,0.008982592
honduras,0.067882657,82.805,24.9,4541.795,9904608,0.011120753,0.097668237,0.015210193,0.000201926,1.324317934,0.243162274,0.075135876,0.207595899,0.241138165,0.449192235,0.007010677,0.548296308,0.033712793,0.004617634,0.003516009,0.030919911,0.41940418,0.006347819,0.014435846,0.043018512,0.130682103,0.027705862,0.147823518,0.037812077,0.00131252,0.124073058,0.000968071,0.02150281,0.035533663,-1,0.098641541,0.009699394
hungary,0.127632199,108.043,43.4,26777.561,9660350,0.005792205,0.105186976,0.000963906,-1,5.922319585,0.731287479,0.160767053,0.564921975,0.334129405,0.608581573,0.000990144,3.326802859,0.091967807,0.013500525,-1,0.013423168,0.016394282,0.004120593,0.006322814,0.007010211,0.081683324,0.001077753,0.01895275,0.052731071,-1,0.025911432,0.020256761,0.002542916,0.209670561,-1,0.213589673,0.005674933
iceland,0.110613919,3.404,37.3,46482.958,341250,0.004641395,0.278700015,0.003481216,-1,2.163364689,0.69194696,0.078269099,0.333931136,0.055830652,0.189739399,0.000443727,1.911636923,0.1139137,0.009201363,-1,0.010438766,0.007199396,0.002494942,0.038649553,0.004476929,0.041910359,0.00014405,0.008152179,0.030574447,0.002930403,0.01683033,0.005103496,0.004877421,0.116927473,-1,0.065014359,0.003396105
india,0.084039402,450.419,28.2,6426.674,1380004385,0.036269088,0.367653687,0.017783849,0.000336955,1.907805532,0.130472774,0.16218847,0.921509391,0.157894861,0.304017222,0.048748562,0.673548657,0.029412638,0.019584713,0.03602332,0.043622064,0.030325773,0.037757619,0.00808317,0.325936935,0.158605366,0.028570793,0.310630969,0.020888021,0.00143407,0.521073127,0.010672176,0.031267937,0.15280321,0.000555071,0.184459704,0.003691736
indonesia,0.086353903,145.725,29.3,11188.744,273523621,0.019883902,0.160001977,0.042636391,7.31E-05,2.186264564,0.175008213,0.129588845,0.352130648,0.300319693,0.444160909,0.020909222,0.72693868,0.025958891,0.006429715,0.0238383,0.020937036,0.009237626,0.024766636,0.002930944,0.30059042,0.130247215,0.024229355,0.143370726,0.002828111,0.000383879,0.250933758,0.000458929,0.045027482,0.028927962,8.77E-05,0.354651235,0.004047347
iran,0.095474883,49.831,32.4,19082.62,83992953,0.008765213,0.110901054,0.001835065,0.000464325,1.920755185,0.255205458,0.120994198,0.177967192,0.064290251,0.117951383,0.010298658,0.721494576,0.031810502,0.023103117,0.000119226,0.012426376,0.022824462,0.009426786,0.040351242,0.009573273,0.251494432,0.003548244,0.113735589,0.003363819,0.010059545,0.009734254,0.000907999,0.00240284,0.056807671,0.001119142,0.190888038,0.011690945
iraq,0.044838947,88.125,20,15663.986,40222503,0.021795665,0.090209229,0.00331329,0.161004401,1.070855287,0.089496171,0.117001172,0.052999834,0.02946296,0.049897268,0.003330648,0.342592056,0.011806858,0.010657915,-1,0.014296654,0.061000878,0.002876594,0.013016269,0.017463804,0.093796848,0.006832218,0.305243311,0.001893816,0.000248617,0.016816293,0.00256317,0.003657328,0.037625605,0.826405806,0.106443376,0.003121064
ireland,0.108480013,69.874,38.7,67335.293,4937796,0.002646618,0.277843192,0.000899387,-1,1.960682256,0.546448658,0.117266347,0.450796064,0.079497877,0.231785396,0.001476271,1.940243785,0.06981386,0.008365546,-1,0.009052685,0.006670446,0.001982101,0.0361617,0.006544043,0.037999889,0.000516623,0.017220877,0.020170916,-1,0.007680321,0.002242027,0.001817144,0.09171594,-1,0.084961671,0.002150607
israel,0.07840704,402.606,30.6,33132.32,8655541,0.004148894,0.262943934,0.003065926,0.000346599,1.368920787,0.538120032,0.259079473,0.209374781,0.081717965,0.20887926,0.001313676,1.497999952,0.065580788,0.008971235,-1,0.006123585,0.021588645,0.004787668,0.008110615,0.003058628,0.072979413,0.001086497,0.027810578,0.006776593,-1,0.031715025,0.003704063,0.004339766,0.062657089,0.002426191,0.247337746,0.001366489
italy,0.135798704,205.859,47.9,35220.084,60461828,0.003006341,0.217768474,0.003550916,-1,3.582175848,1.212978377,0.236379886,0.480373832,0.19343345,0.436692222,0.005136165,2.986624883,0.124985073,0.015002009,-1,0.007222402,0.007758831,0.010925326,0.011407503,0.006382258,0.094432143,0.000277401,0.011961297,0.007236951,0.000694653,0.012749691,0.006967972,0.006709986,0.071735261,-1,0.306824828,0.002066446
jamaica,0.091577218,266.879,31.4,8193.571,2961161,0.009800342,0.169944491,0.018656476,-1,2.12035921,0.423098237,0.273424106,0.234683153,0.064832105,0.170219248,0.00244763,1.342288379,0.050952988,0.011672152,-1,0.01079794,0.299685056,0.148424081,0.005625294,0.005054274,0.093523723,0.00946985,0.146029041,0.005234886,-1,0.010642289,0.001828426,0.020656604,0.036584401,-1,0.849588726,0.002741717
japan,0.138588158,347.778,48.2,39002.223,126476458,0.003598822,0.866043387,0.006862089,-1,2.910354273,1.569904812,0.282333492,0.424891485,0.200447818,0.445409928,0.003910106,3.278856054,0.123444001,0.015204766,-1,0.058283519,0.005641047,0.00163507,0.005765886,0.030600628,0.060729832,0.00036706,0.004401849,0.007547794,0.000403237,0.0243874,0.013998834,0.009788612,0.22785695,3.16E-05,0.058997019,0.00366721
jordan,0.064461498,109.285,23.2,8337.49,10203140,0.006428653,0.099344418,0.000704597,0.000392036,0.883822823,0.127297087,0.125559093,0.071539771,0.043591189,0.080536649,0.002691729,0.441241814,0.015645047,0.012924276,-1,0.010575058,0.027195452,0.0022472,0.008633956,0.004513903,0.108795822,0.005067022,0.198312774,0.00205818,-1,0.00568502,0.00139467,0.000890201,0.02982572,0.003430317,0.14859308,0.006521253
kazakhstan,0.079311697,6.681,30.6,24055.588,18776707,0.011437554,0.192994384,0.003190239,-1,3.586320008,0.238644934,0.079104978,0.299020004,0.364734775,0.48541845,0.002242366,0.979917831,0.033239401,0.02311074,-1,0.049182809,0.081132597,0.01375026,0.041975955,0.046651609,0.147357308,0.00283986,0.109031898,0.08899324,-1,0.004579891,0.042357459,0.004684189,0.227020531,-1,0.062619234,0.024978805
kenya,0.045171977,87.324,20,2993.028,53771300,0.100481818,0.432729356,0.081212003,0.002343257,0.669364698,0.077110373,0.087171298,0.127780135,0.193382157,0.351361414,0.019274297,0.397474117,0.01030035,0.018654245,0.087560167,0.020572722,0.08131347,0.902014643,0.002774238,0.276742798,0.102337939,0.074211038,0.315749666,0.009985591,0.000483529,0.387481054,0.001988977,0.083513826,0.056878037,0.007271524,0.11425106,0.01134251
kiribati,0.053314371,143.701,23.2,1981.132,119446,0.114280595,0.342613817,0.136212096,-1,2.262820856,0.155530868,0.230515965,0.525681563,0.151095809,0.367699546,0.012798612,0.780276359,0.023304983,0.007281575,-1,0.051299684,0.017140122,0.004102925,0.005095717,0.447936222,0.100963113,0.068605294,0.479903052,0.003537331,-1,0.277294342,0.003100857,0.14030541,0.249176615,-1,1.009101184,0.018966587
kuwait,0.14717509,232.128,33.7,65530.537,4270563,0.003042735,0.134158002,8.62E-05,-1,0.724458813,0.075967408,0.04141557,0.038945732,0.037184582,0.061388065,0.001667859,0.28869121,0.010581617,0.007516299,-1,0.005642237,0.00901845,0.001268804,0.006083861,0.005442622,0.123866806,0.001544523,0.040594273,0.002195458,-1,0.001579096,0.000809727,0.000162239,0.030429922,-1,0.05085278,0.004110147
kyrgyzstan,0.064162055,32.333,26.3,3393.474,6524191,0.008347352,0.130877468,0.001275487,-1,2.537716937,0.126292379,0.069148742,0.213477656,0.33091919,0.382429331,0.005419992,0.568536237,0.018195206,0.014679426,-1,0.043678289,0.041103165,0.028591974,0.01979099,0.069988647,0.135559489,0.009116603,0.282333549,0.058969717,0.003678617,0.020824084,0.016379487,0.002581633,0.09110046,-1,0.04062706,0.012047468
latvia,0.120910646,31.212,43.9,25063.846,1886202,0.00594835,0.201126019,0.000547488,-1,8.198188741,0.92247861,0.137125557,0.229852688,0.230248563,0.528905653,0.001927756,2.979896639,0.104495118,0.063611161,-1,0.075204034,0.070806043,0.067039267,0.028985888,0.031788228,0.112360129,0.001429331,0.017744568,0.155919674,-1,0.002618254,0.062720271,0.003831707,0.232208109,-1,0.169738183,0.01211585
lebanon,0.087290401,594.561,31.1,13367.565,6825442,0.007833274,0.108291536,0.001499588,0.002490681,2.064903636,0.27332501,0.087090668,0.172213463,0.075988339,0.122076739,0.007320796,1.128590207,0.031161909,0.016460853,-1,0.01292155,0.055726164,0.016483035,0.049838472,0.00524668,0.082377669,0.005671555,0.081672513,0.003568655,-1,0.011606026,0.000787876,0.001891895,0.059428122,0.056553114,0.23651699,0.008071583
lesotho,0.063925139,73.562,22.2,2851.153,2142252,0.080785874,0.734386991,0.077389075,-1,1.870505898,0.145059778,0.194466664,0.488433667,0.09751075,0.273045841,0.009107962,0.839233199,0.017289633,0.050505216,-1,0.052223641,0.371500505,2.955356793,0.01763258,0.901895295,0.374632256,0.067246897,0.404422029,0.016580869,-1,0.571868762,0.011941555,0.080429193,0.238843329,0.001867194,0.520111546,0.017755502
liberia,0.035260366,49.127,19.2,752.788,5057677,0.122906702,0.458105174,0.087384169,-1,0.872779341,0.086194769,0.102206645,0.109603085,0.144840111,0.24357368,0.016814411,0.418748172,0.013003579,0.017259097,0.555598549,0.026117128,0.019478907,0.363853801,0.008642913,0.295517092,0.098650764,0.139372562,0.482836883,0.009453878,-1,0.494980798,0.007948985,0.092028633,0.067107745,0.000790877,0.104840859,0.007851025
libya,0.084478259,3.623,29,17881.509,6871287,0.010273435,0.12255298,0.0019134,0.042059079,1.940600065,0.219473732,0.171916993,0.175428708,0.082667192,0.127843154,0.010325937,0.81289153,0.031062114,0.019673156,-1,0.018126662,0.023968639,0.015031187,0.081701798,0.010518136,0.247592627,0.007394082,0.063265994,0.005715749,-1,0.009505851,0.001282246,0.002412328,0.084178655,0.221938045,0.204456167,0.010950206
lithuania,0.122849554,45.135,43.5,29524.265,2722291,0.007178288,0.258766789,0.000545377,-1,8.173677979,0.733747421,0.092809586,0.287159896,0.346045335,0.743507582,0.001478722,2.966269954,0.103196536,0.028577922,-1,0.078690816,0.062977286,0.024610914,0.047023885,0.068163176,0.119337058,0.000994434,0.014872734,0.131911467,-1,0.004430735,0.084917006,0.001611125,0.379356579,-1,0.07994509,0.036413954
luxembourg,0.125164288,231.447,39.7,94277.965,625976,0.002283372,0.233701612,0.0071732,-1,2.231721344,0.702834454,0.135132657,0.378169451,0.158472577,0.362841067,0.001498126,2.086370723,0.097162862,0.007639587,-1,0.005343111,0.009952594,0.003845866,0.031590668,0.003004296,0.059921594,0.000736594,0.00883577,0.041737479,-1,0.025030656,0.003010004,0.008501655,0.110128663,-1,0.101472213,0.001884972
madagascar,0.036026366,43.951,19.6,1416.44,27691019,0.118606072,0.716968198,0.413592941,-1,1.246841801,0.051302771,0.075051734,0.231206118,0.106142645,0.217286262,0.012086276,0.423947562,0.007414798,0.024633185,0.209422087,0.030095566,0.014197892,0.091544013,0.002702844,0.146344308,0.125498921,0.094494609,0.635005523,0.00826629,0.002925136,0.844255316,0.002542809,0.421383193,0.057429234,0.0062114,0.106429669,0.010121022
malawi,0.029154332,197.519,18.1,1095.042,19129955,0.125911744,0.492718984,0.106834229,-1,0.784427878,0.099171483,0.1012396,0.13384182,0.137987622,0.293561956,0.019833366,0.527580959,0.012720244,0.021826539,0.359847788,0.030119276,0.015298578,1.146638871,0.003685823,0.377663565,0.11641742,0.05498314,0.579293574,0.011479243,-1,0.369087277,0.002593409,0.109783949,0.062072807,0.000627288,0.138125521,0.009389008
malaysia,0.094225984,96.254,29.9,26808.164,32365998,0.013986209,0.732012651,0.001777052,0.000123586,1.770018956,0.181877722,0.146165306,0.17826668,0.095231638,0.218169512,0.009025617,0.835956302,0.027207954,0.012006671,0.000322496,0.027043538,0.018620198,0.048791945,0.012831766,0.039583145,0.214622735,0.008922617,0.040330782,0.013602605,0.00027807,0.020769166,0.00044337,0.002029756,0.070470714,-1,0.056932618,0.007012653
mali,0.013914751,15.196,16.4,2014.306,20250834,0.28283087,0.572116684,0.319902331,0.017826426,0.890598382,0.081677229,0.10588038,0.233884145,0.088094397,0.236675043,0.032049381,0.514035619,0.013851647,0.038280591,1.238490721,0.075195027,0.052415718,0.286729919,0.004213734,0.173962613,0.153526319,0.126360228,1.315515697,0.005690462,-1,0.759785498,0.011401916,0.330149662,0.03576153,0.042961194,0.101678133,0.014429969
malta,0.12966925,1454.037,42.4,36513.323,441539,0.004069953,0.392627378,0.001280578,0.002264806,3.552542358,0.749280585,0.214016927,0.38886078,0.098984325,0.288502261,0.00156756,2.35882221,0.121638066,0.005926555,-1,0.01070396,0.011983293,0.003682318,0.018019973,0.002794557,0.039075212,0.00112295,0.026015958,0.009721329,-1,0.006274037,0.00349127,0.002552101,0.060334761,-1,0.265460582,0.00151865
mauritania,0.03820734,4.289,20.3,3597.633,4649660,0.069412817,0.407528077,0.045019421,-1,0.843934395,0.120236318,0.098934524,0.128986356,0.091513164,0.193532344,0.00965202,0.496497593,0.018887082,0.014574941,0.05830579,0.018785453,0.031975069,0.004215728,0.008174671,0.116606935,0.14505652,0.109479016,0.42979078,0.006642544,0.003871251,0.32041203,0.006747713,0.047307545,0.033910135,0.000430139,0.116410447,0.006145879
mauritius,0.117023139,622.962,37.4,20292.745,1271767,0.007036201,0.241425198,0.010247443,-1,2.602432678,0.357151349,0.841735947,0.391310908,0.187318039,0.286113809,0.006602695,1.096023879,0.047315758,0.021537003,-1,0.036251342,0.025560712,0.07533295,0.013882244,0.01165892,0.129509887,0.005314511,0.072369475,0.061153977,-1,0.021242028,0.000518586,0.010783107,0.092505152,-1,1.359224606,0.002927727
mexico,0.083015354,66.444,29.3,17336.469,128932753,0.005892412,0.169377908,0.042543115,0.000178388,1.254783569,0.254903345,0.504392317,0.26615324,0.314186264,0.484881603,0.005472197,0.754514022,0.035403456,0.010257254,1.18E-05,0.025616749,0.334749542,0.0432412,0.010574799,0.020315055,0.156436899,0.008683232,0.089479979,0.038340374,0.004095158,0.035628596,0.00219288,0.048076209,0.059213984,-1,0.496902909,0.0055259
micronesia (country),0.071225337,150.777,23,3299.464,115021,0.018831883,0.273935716,0.021800254,-1,2.3061667,0.153927109,0.336279636,0.374917276,0.122180732,0.227454813,0.0089524,0.769623895,0.023722903,0.012817494,-1,0.074415794,0.050799202,0.264452491,0.007307248,0.059600221,0.141508942,0.027915572,0.134775563,0.008825884,-1,0.024727224,0.009242947,0.023011859,0.14738726,-1,0.592662644,0.009364081
moldova,0.122827215,123.655,37.6,5189.972,4033963,0.006711782,0.235285227,0.000231988,-1,5.749618923,0.332220449,0.051414478,0.227137929,0.766992161,0.957527127,0.000958306,1.563578298,0.042930389,0.029463756,-1,0.051616537,0.055666252,0.042983042,0.014679458,0.059577121,0.109530677,0.00163521,0.053489782,0.120155267,-1,0.002279311,0.054036291,0.000497583,0.161008244,-1,0.066091955,0.047348699
mongolia,0.074537921,1.98,28.6,11840.846,3278292,0.00954832,0.201372788,0.000671606,-1,2.370129934,0.088542113,0.10018772,0.105533979,0.419233552,0.559818955,0.00605623,1.467513266,0.01405711,0.030800002,-1,0.043528673,0.083126274,0.006066369,0.012241106,0.112056492,0.166585557,0.009872156,0.287041819,0.148486773,0.005185627,0.009171913,0.067964019,0.003502309,0.16007183,-1,0.03011147,0.026871267
montenegro,0.113289373,46.28,39.1,16409.288,628062,0.002371837,0.107864749,0.001059372,-1,5.950766007,0.564075521,0.201603345,0.136641335,0.078010133,0.249056781,0.002899244,2.230085565,0.082843764,0.013764797,-1,0.009476553,0.035220201,0.002162812,0.026381233,0.007412134,0.090765991,0.00081007,0.026189867,0.019353408,-1,0.001086776,0.001032884,0.001584836,0.122031917,-1,0.258154609,0.007366364
morocco,0.081679653,80.08,29.6,7485.013,36910558,0.019390092,0.158371786,0.002331565,-1,3.118999176,0.253123673,0.123098979,0.208065129,0.089351535,0.160706051,0.011273441,0.663899473,0.034157435,0.023048535,-1,0.016965704,0.011106641,0.016322473,0.017986049,0.132286865,0.196788057,0.021818139,0.15159657,0.003514111,-1,0.027699202,0.001695234,0.002968763,0.069748688,5.42E-05,0.218426798,0.010703937
mozambique,0.023063482,37.728,17.7,1136.103,31255435,0.105293975,0.444562042,0.07770143,0.000703878,0.954483596,0.072233389,0.082623326,0.124210077,0.076148356,0.227722858,0.022009484,0.506344896,0.010215235,0.028750261,0.589431886,0.03737078,0.060955735,1.987986729,0.008871571,0.615381293,0.162453794,0.066859476,0.619876191,0.015855028,0.000223961,0.341988841,0.001212922,0.081669924,0.087082967,0.005503043,0.13991285,0.013016981
myanmar,0.085342022,81.721,29.1,5591.597,54409794,0.030664479,0.415028956,0.01924262,0.004006632,1.423692029,0.265477204,0.221023994,1.020672675,0.42586763,0.522161874,0.007866569,1.1039586,0.037385732,0.005892744,0.067755614,0.057639108,0.016338266,0.098251907,0.006119194,0.248843618,0.201094494,0.034092998,0.243418859,0.014391756,5.51E-05,0.149255812,0.001530142,0.022332413,0.049133158,0.00056975,0.500219501,0.01758638
namibia,0.048739878,3.078,22,9541.808,2540916,0.042166447,0.45183666,0.051850592,-1,1.181730526,0.160016073,0.098488577,0.256470698,0.085239654,0.234081804,0.003867872,0.611399983,0.017677011,0.029686711,0.00323139,0.026883714,0.136073802,1.55867451,0.010854558,0.342046923,0.177674941,0.023430877,0.32666684,0.015178845,-1,0.319825646,0.007047588,0.053319787,0.090971917,0.000393559,0.214979519,0.010160863
nepal,0.069424029,204.43,25,2442.804,29136808,0.028711851,0.319085399,0.013276073,0.000137283,1.690246577,0.143422368,0.167463093,0.809403693,0.194639406,0.334841792,0.026918608,0.62857057,0.024874973,0.012785766,0.024847674,0.032298651,0.016698638,0.089898694,0.003259076,0.164603103,0.232919268,0.046812781,0.29436845,0.00952951,0.005285411,0.370544364,0.003112116,0.026028084,0.080335224,-1,0.180129752,0.002914337
netherlands,0.124475421,508.544,43.2,48472.545,17134873,0.005551308,0.36057927,0.005060776,-1,2.367320143,0.865807993,0.156552663,0.589956517,0.098078229,0.329665881,0.001024776,3.026199844,0.104554612,0.008941461,-1,0.006296726,0.008522193,0.003241466,0.013623597,0.005419622,0.049966994,0.000641304,0.018696118,0.031087525,-1,0.02060003,0.003418411,0.010313709,0.120572414,-1,0.159271971,0.00133864
new zealand,0.108559209,18.206,37.9,36085.843,4822233,0.002941631,0.150954527,0.001455882,-1,2.259932276,0.616904865,0.160215029,0.444457785,0.060581623,0.207342532,0.000672668,2.040146339,0.078163519,0.0046917,-1,0.011113519,0.012365595,0.002069464,0.015488343,0.003730133,0.075072606,0.001326402,0.024998896,0.013615085,-1,0.014669067,0.001663563,0.00208947,0.111378007,-1,0.115213222,0.001879641
nicaragua,0.071466854,51.667,27.3,5321.444,6624554,0.008395493,0.128151767,0.014687763,-1,0.910739198,0.177129207,0.345970159,0.132428236,0.170055373,0.238417107,0.002338675,0.496465121,0.021343082,0.004129831,0.000400418,0.024191651,0.071209186,0.089123917,0.004488498,0.02083701,0.098669782,0.011228892,0.128069165,0.059092295,0.002264303,0.027727255,0.000787056,0.015046531,0.056220026,-1,0.185797716,0.003467248
niger,0,16.955,15.1,926,24206636,0.322830773,0.814237881,0.0907944,0.006114026,0.577009957,0.050047846,0.073397931,0.126140658,0.062127757,0.182271134,0.028429824,0.337819059,0.008621293,0.027146606,1.259371191,0.049695257,0.043429496,0.080577904,0.003212934,0.239962298,0.104994102,0.121036066,0.669303657,0.00495289,0.002974391,0.907000874,0.009488427,0.096256291,0.031093073,0.012723784,0.069625288,0.010666071
nigeria,0.024372832,209.588,18.1,5338.454,206139587,0.256853818,0.921364512,0.121551907,0.008756203,0.594352117,0.099211075,0.066653185,0.092420822,0.220596057,0.344794811,0.016034465,0.468397174,0.014389997,0.019815447,0.738530149,0.037895317,0.034602441,0.820330061,0.01004906,0.277576378,0.096100901,0.087233802,0.874915404,0.009514073,9.70E-05,0.671189372,0.00629341,0.124958289,0.039145732,0.01968569,0.059418233,0.008121778
north macedonia,0.121216475,82.6,39.1,13111.214,2083380,0.003630932,0.070557988,0.000226625,-1,5.048488514,0.406917365,0.148138602,0.256123319,0.112900191,0.2232178,0.001349611,2.101165414,0.06749652,0.00716286,-1,0.012506398,0.018927704,0.000796841,0.005535092,0.01542757,0.077061986,0.001017639,0.06088558,0.010027839,-1,0.003437497,0.004683025,0.000462969,0.091866198,-1,0.357820129,0.004221736
norway,0.118358304,14.462,39.7,64800.057,5421242,0.003475794,0.339421483,0.007251191,-1,2.376912892,0.823642073,0.108825063,0.486818334,0.068732755,0.256103306,0.001306876,2.141747223,0.085708755,0.016965505,-1,0.010412845,0.007080116,0.002726999,0.050529344,0.007300187,0.039676314,0.000348954,0.010488121,0.04822074,-1,0.058591758,0.009472761,0.010098053,0.10756015,-1,0.109030698,0.006714819
oceania,0.092807597,-1,-1,-1,42677809,0.020728545,0.164225511,0.022338612,-1,0.74711497,0.023068907,0.067949294,0.327523608,0.04065054,0.063315575,0.005980204,0.20874804,0.004763696,0.007935487,0.015101888,0.043406375,0.027321248,0.035316199,0.001232342,0.035371474,0.079029526,0.039810338,0.113974595,0.002803185,-1,0.085887961,0.004246657,0.022983563,0.05882884,-1,0.135839682,0.004296964
pakistan,0.052676617,255.573,23.5,5034.708,220892331,0.085349409,0.269092457,0.014224011,0.004871151,1.726729481,0.102268965,0.166797823,0.316756719,0.205987821,0.328879276,0.026928599,0.774072596,0.016679511,0.01178442,0.022631723,0.059058818,0.042220135,0.02402274,0.004524889,0.199870678,0.239975239,0.0831688,0.837954397,0.007004711,0.000190138,0.270661864,0.002782146,0.025570195,0.041137105,0.002145842,0.185029375,0.005207628
palestine,0.043595824,778.202,20.4,4449.898,5101416,0.008024182,0.101022755,0.00152624,0.0098012,1.044186947,0.13528436,0.122315647,0.080648393,0.043452524,0.072820135,0.002447254,0.444068862,0.014321296,0.005081158,-1,0.007977058,0.050925116,0.002014109,0.005618722,0.007814897,0.069628629,0.003600032,0.19876795,0.001910017,-1,0.006885173,0.001358369,0.0017405,0.028452081,0.025091073,0.149609736,0.001384002
panama,0.082958929,55.133,29.7,22267.037,4314768,0.011623434,0.207800651,0.024613212,-1,1.215743002,0.299093254,0.220515726,0.177766591,0.105490562,0.19122319,0.001986347,0.815456358,0.04079195,0.005690598,0.000103689,0.030769093,0.148301508,0.121942779,0.00605932,0.045810968,0.118669486,0.011554118,0.086014242,0.006542658,0.000231762,0.039999509,0.000414116,0.026472246,0.04603397,-1,0.247413302,0.003215044
papua new guinea,0.05293334,18.22,22.6,3823.194,8947027,0.084615035,0.611476192,0.091469356,-1,2.631826192,0.055801721,0.219548572,1.35751686,0.146032308,0.21172005,0.023017087,0.692003947,0.013622246,0.029058368,0.067741631,0.172237214,0.111131899,0.14789952,0.0040182,0.1370434,0.316471494,0.171282707,0.450752077,0.010692526,-1,0.362606707,0.01628788,0.094009507,0.226140929,-1,0.340916933,0.016778277
paraguay,0.074405852,17.144,26.5,8827.01,7132530,0.012156738,0.190820508,0.033143667,0.000560811,1.378905101,0.218286919,0.22455384,0.150739499,0.09406707,0.212606747,0.001653433,0.792061022,0.029053772,0.008032521,-1,0.023657005,0.118412078,0.106774959,0.00348969,0.032206202,0.209102661,0.015204969,0.067663606,0.033346989,-1,0.024376413,0.001246514,0.033946888,0.055047662,-1,0.306744451,0.002255142
peru,0.092449591,25.129,29.1,12236.706,32971846,0.007951614,0.504621731,0.019581764,0.000242631,0.84071362,0.30919015,0.160349742,0.227225524,0.168685338,0.279859035,0.002734655,0.864764442,0.039770415,0.01148418,0.000190805,0.025655112,0.035995194,0.072658534,0.011668528,0.062887653,0.138815279,0.016644003,0.112568129,0.008588982,0.003032891,0.037066866,0.004481023,0.021791892,0.031335734,-1,0.130399159,0.00669735
philippines,0.0704925,351.873,25.2,7599.188,109581085,0.031037026,0.62066186,0.031058271,0.004526329,1.98530887,0.143596771,0.310738482,0.301702068,0.115862697,0.241948052,0.007146383,0.723485353,0.02185817,0.010830601,0.000926195,0.047866217,0.145011705,0.038190268,0.005338152,0.267581399,0.099838854,0.019202256,0.225602712,0.013052453,0.000629671,0.064665357,0.001871239,0.037708634,0.050832587,0.010385004,0.237710641,0.002291439
poland,0.127171725,124.027,41.8,27216.445,37846605,0.0043001,0.29317055,0.002015383,-1,4.457699706,0.759731025,0.090944168,0.312482454,0.205789661,0.4450275,0.001245084,2.887072698,0.092738596,0.016662329,-1,0.023895374,0.017598384,0.003793048,0.008024989,0.015241658,0.104468366,0.000432143,0.018496795,0.11776483,-1,0.007340561,0.009452322,0.002586215,0.179102168,-1,0.175831069,0.006426875
portugal,0.13274744,112.371,46.2,27936.896,10196707,0.004328319,0.702236516,0.008142197,-1,3.623080471,1.058698656,0.304919814,0.647033989,0.209180866,0.501226229,0.002813659,2.902879332,0.123889997,0.023158849,-1,0.011853327,0.013893329,0.049277674,0.014589681,0.0219138,0.094239219,0.000673356,0.01203921,0.028884453,-1,0.015773377,0.006497358,0.011291596,0.133254589,-1,0.36962894,0.003388455
romania,0.126116602,85.129,43,23313.199,19237682,0.003946259,0.322626239,0.002919858,-1,7.529425842,0.75145124,0.158187873,0.387164524,0.525756689,0.739777277,0.002223319,2.662947646,0.113112692,0.022613483,-1,0.037115724,0.021071868,0.008599591,0.018103158,0.05242877,0.113542006,0.001576096,0.02454933,0.032643995,0.000467832,0.005495615,0.016477843,0.00423835,0.122895108,-1,0.117455055,0.017931391
russia,0.114908329,8.823,39.6,24765.954,145934460,0.009224264,0.243209931,0.001473414,0.000417996,6.853919218,0.578128839,0.077849399,0.261979727,0.348854753,0.648295954,0.001467137,1.997105413,0.066077532,0.04839628,-1,0.056593309,0.148263131,0.132263757,0.064961826,0.072395101,0.167093913,0.001715303,0.030565118,0.195320283,0.000109638,0.002823307,0.06973932,0.006790043,0.300802771,0.000897663,0.107457142,0.04441994
rwanda,0.039309473,494.869,20.3,1854.211,12952209,0.101805723,0.49729108,0.115026325,0.000154414,0.627342873,0.086823414,0.088633452,0.162628552,0.20601922,0.37488169,0.020092017,0.487013219,0.011121022,0.024655678,0.235659647,0.027551887,0.02856827,0.228731331,0.002607041,0.352394329,0.205432679,0.056440349,0.457311181,0.012920252,0.000231621,0.300820347,0.002138065,0.11860417,0.0599652,0.000308828,0.124570566,0.009959637
saint lucia,0.110792047,293.187,34.9,12951.839,183629,0.009086446,0.310042749,0.023341368,-1,2.298844954,0.430667705,0.301292225,0.290019768,0.149902957,0.268712023,0.002367562,1.47835636,0.061068241,0.016660146,-1,0.053447152,0.17882927,0.04263912,0.00966257,0.021933366,0.136248958,0.009450904,0.090796497,0.049785992,-1,0.020336178,0.003693523,0.026586835,0.075643008,-1,0.587833621,0.002637372
saint vincent and the grenadines,0.100173049,281.787,31.8,10727.146,110947,0.014480211,0.408095848,0.053376026,-1,3.1373728,0.311210217,0.329572499,0.194551452,0.15259331,0.335059353,0.00136202,1.744323866,0.056748511,0.020473767,-1,0.067720317,0.213484907,0.181558852,0.012505881,0.023883187,0.104104843,0.013759615,0.129849748,0.089419453,-1,0.034345039,0.010618259,0.062392503,0.082099931,-1,0.85727816,0.002587641
samoa,0.042057013,69.413,22,6021.557,198410,0.013837241,0.265086689,0.022033622,-1,2.071227761,0.249243939,0.284413538,0.320908624,0.115309007,0.231385364,0.007315226,0.593514944,0.030762497,0.012700363,-1,0.045788645,0.030897545,0.045816108,0.004636616,0.038660551,0.090829898,0.009419702,0.144922232,0.004684598,-1,0.029110383,0.00675602,0.02316735,0.087055693,-1,0.398724359,0.006853611
sao tome and principe,0.034612053,212.841,18.7,3052.714,219161,0.028927615,0.540305529,0.049055945,-1,1.087010919,0.109498177,0.207471539,0.390344541,0.361399838,0.451311228,0.023227472,0.586033099,0.020354903,0.004528808,0.002202408,0.017242091,0.04652972,0.000935144,0.007597223,0.109701772,0.107712869,0.038317219,0.256274109,0.011406569,-1,0.077464832,0.000917453,0.051316749,0.024352006,-1,0.063376194,0.008149465
saudi arabia,0.120944104,15.322,31.9,49045.411,34813867,0.004162413,0.100679048,0.001298589,0.00089045,0.906782346,0.096818231,0.109663256,0.07654358,0.070691113,0.089291776,0.004495838,0.340190591,0.013528738,0.020389082,0.000452452,0.038054233,0.008677005,0.01510326,0.013415818,0.019499756,0.345823404,0.003746645,0.068966427,0.003398855,0.000114897,0.006100839,0.003030792,0.001405852,0.031101544,0.074366918,0.061195873,0.007774474
senegal,0.026987077,82.328,18.7,2470.58,16743930,0.120318826,0.461498227,0.050316754,-1,0.883554219,0.11707574,0.115279089,0.170342566,0.084873921,0.223789397,0.015475877,0.533359193,0.019880189,0.022231418,0.128161967,0.030024887,0.008808201,0.107739999,0.007669036,0.313551,0.107501465,0.084065091,0.470438004,0.00759001,-1,0.434160618,0.00996382,0.053488751,0.066382743,-1,0.140272505,0.008936319
serbia,0.12315759,80.291,41.2,14048.881,6804596,0.004523795,0.222239204,0.001568505,-1,9.863258598,0.956934548,0.350600535,0.611326521,0.191645764,0.622202112,0.001014118,3.962727545,0.125117244,0.016048315,-1,0.016730457,0.032051028,0.010655172,0.013420065,0.020507595,0.114644411,0.001451225,0.03465036,0.057769043,-1,0.009789782,0.009009866,0.002863194,0.235309194,-1,0.50620992,0.00629153
seychelles,0.100590475,208.354,36.2,26382.287,98340,0.045291367,0.741000305,0.012019443,-1,2.400051861,0.340301403,0.421872687,0.272654261,0.27961867,0.488188225,0.009670277,1.644583079,0.042586475,0.038972422,-1,0.126227171,0.063943299,0.058883781,0.008789821,0.017480496,0.146200122,0.010040899,0.075865385,0.010001851,-1,0.02400479,0.002058918,0.014870795,0.090454688,-1,0.18346024,0.006417256
sierra leone,0.038117461,104.7,19.1,1390.3,7976985,0.212733508,0.898780805,0.192491399,-1,1.210905123,0.094878479,0.112330661,0.179831352,0.136152067,0.290402953,0.020769953,0.503849136,0.016844835,0.027239038,1.393837396,0.047216323,0.013456688,0.274609643,0.009209987,0.439167681,0.156024613,0.152995023,0.894723758,0.008598167,0.031340162,0.596368051,0.010358105,0.197900585,0.056831986,-1,0.120856614,0.010897487
singapore,0.141129699,7915.731,42.4,85535.383,5850343,0.000911196,0.460786658,0.000119869,-1,1.053072102,0.276407725,0.101593052,0.104933523,0.043442444,0.094696345,0.000335534,0.931392228,0.031524152,0.002201527,-1,0.004477686,0.004412798,0.005584618,0.002880306,0.003343064,0.033599039,0.000614193,0.004642976,0.002140639,-1,0.002502925,0.000391804,0.000238752,0.084840222,-1,0.026517796,0.000608526
slovakia,0.126031516,113.128,41.2,30155.152,5459643,0.004606596,0.307703819,0.000988015,-1,4.618538245,0.54804957,0.130619969,0.202832859,0.27966737,0.503276313,0.00098522,2.422735333,0.067432797,0.009670169,-1,0.022353641,0.024108902,0.000715743,0.008626364,0.005494676,0.081013099,0.000728594,0.023225969,0.044959863,-1,0.004032835,0.014902225,0.001339733,0.123549782,-1,0.134043948,0.006116024
slovenia,0.131495562,102.619,44.5,31400.84,2078932,0.003364309,0.289292771,0.000223389,-1,3.583636213,0.737825961,0.10229464,0.303073501,0.260324628,0.509039257,0.000496003,2.841391638,0.099579015,0.005997599,-1,0.010450804,0.009755701,0.001188938,0.013189782,0.006473598,0.068522491,0.000571262,0.008351509,0.093883735,-1,0.002896292,0.007162533,0.000660325,0.206931732,-1,0.144406936,0.00300412
solomon islands,0.034817431,21.841,20.8,2205.923,686878,0.026179991,0.672548109,0.031901226,-1,1.839505706,0.090711931,0.217469332,0.314181849,0.10896874,0.16715705,0.014361745,0.558884256,0.016085855,0.018072118,0.003363482,0.091310684,0.048514685,0.040874988,0.003241453,0.085698989,0.170741092,0.043914727,0.215622279,0.006537579,-1,0.071304438,0.011802776,0.033291502,0.135226343,-1,0.390113965,0.01047018
somalia,0.014578315,23.5,16.8,-1,15893219,0.20652745,0.820009464,0.210971799,0.120302879,1.135592481,0.064880563,0.1272885,0.192494296,0.15868063,0.30116561,0.019607532,0.585118911,0.009791868,0.034629819,0.072693518,0.045774786,0.088177228,0.150554523,0.002928319,0.798868373,0.324305668,0.148685424,0.771722204,0.009686238,-1,0.663675496,0.004770296,0.216106378,0.053637605,0.342598375,0.165849536,0.015251976
south africa,0.077898942,46.754,27.3,12294.876,59308690,0.039008061,0.447308986,0.030158464,0.00035408,1.292747825,0.191931739,0.154266584,0.30572535,0.077639213,0.196092849,0.003107647,0.820063131,0.019853398,0.032507327,0.001138675,0.024269749,0.264733212,2.282947069,0.012131573,0.330879337,0.261406212,0.020085522,0.179165313,0.01149396,0.000236053,0.241144932,0.006792568,0.031041741,0.104892082,0.0010791,0.381971175,0.008303002
spain,0.132822309,93.105,45.5,34272.36,46754783,0.004096203,0.276780239,0.003813734,0.000449152,2.643085735,1.107027702,0.226832194,0.716286289,0.173937777,0.461829542,0.002595621,2.473699857,0.124218863,0.007329346,-1,0.009671284,0.007089946,0.015150202,0.017682674,0.008273115,0.052435363,0.000437186,0.012708045,0.009921582,-1,0.020019971,0.003139136,0.007046511,0.080045843,-1,0.177350583,0.002657119
sri lanka,0.094058118,341.955,34.1,11669.077,21413250,0.014895231,0.232827338,0.00569723,4.67E-05,1.955188493,0.278841792,0.210711966,0.57285746,0.187776961,0.244977105,0.001186836,0.776530886,0.034409812,0.019554332,-1,0.048442623,0.035605539,0.002606214,0.009095425,0.036110688,0.130546881,0.004132517,0.058142645,0.023670839,0.001681202,0.033263428,0.00249958,0.006459897,0.211247148,4.67E-05,0.538771555,0.003741792
sudan,0.036323708,23.258,19.7,4466.507,43849269,0.025267719,0.214422161,0.013904921,0.001870043,1.573837411,0.100249014,0.072416669,0.134594216,0.071782063,0.117396826,0.011838168,0.345972472,0.014061956,0.025559947,0.058190845,0.027520482,0.009740703,0.120781512,0.009881832,0.027847671,0.243835308,0.054044436,0.575239692,0.002679497,-1,0.187818935,0.001727911,0.015646523,0.037753081,0.031174978,0.072879961,0.012994515
suriname,0.081539491,3.612,29.6,13767.119,586634,0.013619107,0.309437912,0.021566786,-1,2.379045538,0.289002854,0.356734011,0.209728383,0.210603545,0.41345984,0.004492844,1.134952458,0.040447843,0.017104975,0.005446202,0.051716061,0.08849274,0.173511082,0.013921841,0.015679391,0.16812764,0.017836283,0.24478346,0.034785318,-1,0.06560813,0.005081826,0.023839191,0.250643672,-1,0.38497172,0.004269101
sweden,0.11818819,24.718,41,46949.283,10099270,0.003142517,0.287408793,0.007836074,0.000495085,3.382774201,0.95651755,0.144712539,0.447346194,0.106000137,0.300398049,0.000809387,2.381653327,0.12013601,0.017476006,-1,0.01074749,0.011929813,0.002254529,0.039485874,0.007833613,0.038636535,0.000381454,0.013330033,0.037086086,-1,0.061430688,0.010415416,0.010307408,0.138177908,-1,0.17049658,0.003732355
switzerland,0.127611521,214.243,43.1,57410.166,8654618,0.00326519,0.19603176,0.005296629,-1,2.458804074,0.877789176,0.18006202,0.325333481,0.108595469,0.305136287,0.008914594,2.066190559,0.09849634,0.004766733,-1,0.006037276,0.006089489,0.004429976,0.023261443,0.003805493,0.038642121,0.000604395,0.017841354,0.0294885,-1,0.02380298,0.001861165,0.008081297,0.130910804,-1,0.129810235,0.001290089
syria,0.066264827,-1,21.7,-1,17500657,0.013197939,0.111193025,0.003668163,0.115767082,2.364484373,0.180364714,0.128970187,0.171074949,0.087158385,0.122241982,0.000541018,0.502526619,0.024100364,0.00783514,-1,0.008713536,0.019403586,0.000646301,0.013845246,0.003318262,0.09988065,0.002500406,0.055769358,0.004390292,-1,0.00301072,0.001733276,0.003911602,0.027840298,2.364388377,0.066346023,0.004231421
taiwan,0.130777965,-1,42.2,-1,23816775,0.005497104,0.550652219,0.004321379,-1,1.701664478,0.538015327,0.283139972,0.397797141,0.27331975,0.433008247,0.009999901,2.232258566,0.082353089,0.008859344,-1,0.024555596,0.014141113,0.008312427,0.019648391,0.035816465,0.167266013,0.001121022,0.014612306,0.02043272,0.000209936,0.005414864,0.001784129,0.004762807,0.182874801,-1,0.399794263,0.003809194
tajikistan,0.046846326,64.281,23.3,2896.913,9537642,0.029733513,0.513960159,0.000726656,0.000104848,1.915438847,0.135126376,0.06725848,0.153460467,0.16107042,0.226205911,0.014244118,0.494959027,0.02118726,0.025439632,-1,0.074537574,0.028030324,0.004668271,0.003611011,0.081783862,0.067666348,0.007506016,0.38504276,0.019189471,0.00136302,0.186929746,0.001393559,0.004542637,0.050899992,-1,0.138669285,0.005973368
tanzania,0.025605247,64.699,17.7,2683.304,59734213,0.089398683,0.560575227,0.109316783,0.000133927,0.739523094,0.09505956,0.097194233,0.106995567,0.103146801,0.215327354,0.01428892,0.466474213,0.011803797,0.024433334,0.256557829,0.030453285,0.051070699,0.47374174,0.00482308,0.3413635,0.093076442,0.082290345,0.577950027,0.010056496,0.000117186,0.254401276,0.00210725,0.112522869,0.044125433,0.000719855,0.118594197,0.011252756
thailand,0.119000281,135.132,40.1,16277.671,69799978,0.017718902,0.518446868,0.006036218,0.001031519,1.46967095,0.452009741,0.314067577,0.283851379,0.24697343,0.390634364,0.004343589,1.469862927,0.052821836,0.011630921,0.000446059,0.072277673,0.060858558,0.277535761,0.010240735,0.089196604,0.274822723,0.003592067,0.032369767,0.033139452,0.001103152,0.062182068,0.000658443,0.006647097,0.125635312,0.00047278,0.212649064,0.002955902
timor,0.046186637,87.176,18,6570.102,1318442,0.030739904,0.363550994,0.029374368,-1,1.732490318,0.14502079,0.111871815,0.342232119,0.172449679,0.318908151,0.008917692,0.63282359,0.023278112,0.014029931,0.001387761,0.05338181,0.026577013,0.168874323,0.003118233,0.168502141,0.089315495,0.071848819,0.335506909,0.008720581,-1,0.133542242,0.001322789,0.032529243,0.058396865,-1,0.140076317,0.004973191
togo,0.036670992,143.366,19.4,1429.813,8278737,0.0877275,0.451965559,0.055726834,-1,0.915679167,0.069879524,0.09162574,0.15631394,0.090274422,0.208762399,0.015259405,0.437130084,0.012565467,0.016211664,0.833981319,0.02456516,0.04859385,0.468018129,0.012626866,0.283763453,0.137098449,0.060096824,0.491146174,0.010396213,-1,0.386759478,0.008098836,0.059092323,0.068616686,0.002536619,0.099811904,0.007616844
trinidad and tobago,0.109977227,266.886,36.2,28763.071,1399491,0.011525076,0.224111338,0.016474561,-1,2.799708608,0.335788154,0.337929004,0.180038457,0.12957118,0.32368947,0.003891042,1.346736778,0.046152337,0.017488308,-1,0.033620588,0.227275488,0.15680501,0.011707778,0.015102412,0.150403182,0.006944541,0.114591091,0.026992285,-1,0.018165612,0.001990982,0.017067762,0.112896046,-1,1.171672415,0.001985999
tunisia,0.092378926,74.228,32.7,10849.297,11818618,0.008104728,0.139621824,0.001677395,0.000423061,2.887162441,0.33336715,0.139194024,0.211308632,0.084654991,0.150247516,0.008288511,0.796147654,0.042262479,0.014605684,-1,0.00831196,0.005675578,0.016388194,0.018925182,0.01109271,0.310411251,0.003921819,0.071643935,0.002459457,-1,0.009905735,0.000984131,0.002177216,0.03189565,0.002115307,0.163605762,0.006453553
turkey,0.091453936,104.914,31.6,25129.341,84339067,0.00429819,0.130774508,0.005125737,0.002632232,1.738037961,0.297165251,0.179667271,0.360178516,0.059564768,0.120308303,0.004481152,1.099846054,0.038710838,0.004981861,-1,0.010212678,0.020266966,0.002373398,0.006221119,0.008906467,0.102012179,0.002892033,0.091993074,0.002617725,-1,0.006117586,0.000839346,0.007538942,0.033891945,0.035167581,0.175520794,0.005229683
uganda,0.018172348,213.759,16.4,1697.707,45741000,0.107453663,0.32423034,0.075214097,0.000153036,0.500388273,0.053485145,0.065908594,0.098895258,0.09435736,0.191116875,0.007529608,0.451661966,0.006882637,0.017982893,0.486145253,0.023691808,0.03330277,0.566671039,0.002294712,0.310034542,0.127376271,0.038326534,0.579843685,0.007132435,0.000371658,0.25870204,0.0018792,0.076939835,0.044350561,0.000612142,0.082952712,0.007810116
ukraine,0.12261207,77.39,41.4,7894.393,43733759,0.010718086,0.210708071,0.001423353,0.000914625,9.770955202,0.79831784,0.066318287,0.25989465,0.459207954,0.698242975,0.003473175,2.195873215,0.088346785,0.0443719,-1,0.072035381,0.102994577,0.11606089,0.040154884,0.085813936,0.15277189,0.003325959,0.033245187,0.189099295,-1,0.002363424,0.057164261,0.003926546,0.312782398,0.010929772,0.059991916,0.033682995
united kingdom,0.116879987,272.898,40.8,39753.244,67886004,0.004264754,0.544322214,0.001466326,0.000618684,2.60017956,0.941194594,0.099660042,0.696721374,0.136369892,0.436615919,0.000943563,2.649387052,0.10803819,0.009229851,-1,0.004939454,0.005232485,0.003890096,0.044359423,0.005713789,0.03945915,0.00090951,0.024648866,0.034166085,-1,0.018064696,0.004194184,0.002132278,0.085112743,-1,0.080073044,0.002202348
united states,0.112420847,35.608,38.3,54225.446,331002647,0.004306739,0.283356223,0.012966739,0.000287007,2.725870951,0.781222151,0.256627253,0.595110045,0.188800484,0.345674275,0.003264629,2.112955912,0.089354331,0.016631985,-1,0.012744297,0.060059943,0.02218323,0.204316463,0.002837163,0.133575306,0.003538703,0.034552745,0.042201868,0.000311176,0.028717912,0.004395376,0.014817292,0.147429788,2.67E-05,0.20712348,0.005508288
uruguay,0.102107454,19.751,35.6,20551.409,3473727,0.004887059,0.424974386,0.023453064,-1,2.853371321,0.680153046,0.226552374,0.594400193,0.142577382,0.418831704,0.002766207,2.75668727,0.097944283,0.024405646,-1,0.026577523,0.060400601,0.05197861,0.011343514,0.016289772,0.175333842,0.003519016,0.047036396,0.034718272,-1,0.042854174,0.003260852,0.038565783,0.194710321,-1,0.229233501,0.006855285
vanuatu,0.042268471,22.662,23.1,2921.909,307150,0.03193971,0.389701449,0.038101253,-1,2.594826632,0.152895816,0.217538141,0.474973791,0.192867784,0.423392479,0.019557968,0.892726355,0.0284025,0.017337011,0.001961322,0.100110337,0.015627159,0.04378867,0.00401929,0.09142966,0.169039036,0.030506853,0.283255999,0.010715406,-1,0.113295947,0.025001107,0.039677259,0.14797747,-1,0.307173987,0.011042393
venezuela,0.081724614,36.253,29,16745.022,28435943,0.011066294,0.182314509,0.014941319,0.000175834,1.85357841,0.242569096,0.295514976,0.200226136,0.131695123,0.241969187,0.005857787,1.063367584,0.033708655,0.007703761,0.000577596,0.025648697,0.519053298,0.074819745,0.008419309,0.027666074,0.245748805,0.013889351,0.139480129,0.007642778,-1,0.043366489,0.00048028,0.01566945,0.097927718,-1,0.304908404,0.00387659
zambia,0.025393961,22.995,17.7,3689.251,18383956,0.133782794,0.488438669,0.140686314,-1,0.661287483,0.074839659,0.100775317,0.12114819,0.177182321,0.274160687,0.01698964,0.480092261,0.010870228,0.022970562,0.254194908,0.034025914,0.054043618,1.186187565,0.0052735,0.451853072,0.114140286,0.039036457,0.526982223,0.011004982,-1,0.421473376,0.001084099,0.143446601,0.063143972,5.44E-05,0.127913981,0.009835092
zimbabwe,0.033197686,42.729,19.6,1899.775,14862927,0.112831544,0.832248587,0.209371546,-1,1.142231271,0.083839543,0.117062541,0.229561849,0.096863962,0.227911905,0.00908235,0.769688232,0.012262322,0.039847225,0.046133719,0.049121832,0.07938544,1.080899476,0.017210742,0.804556868,0.183671763,0.079439198,0.565966313,0.005193616,-1,0.309669421,0.002787715,0.212447521,0.178125681,0.000336407,0.184804783,0.027274392
