time series,new_cases,new_cases_smoothed,new_deaths,new_deaths_smoothed,new_cases_per_million,new_cases_smoothed_per_million,new_deaths_per_million,new_deaths_smoothed_per_million,stringency_index
2020-03-06,1.0,,,,0.019,,,,12.04
2020-03-07,0.0,,,,0.0,,,,12.04
2020-03-08,0.0,,,,0.0,,,,12.04
2020-03-09,0.0,,,,0.0,,,,14.81
2020-03-10,2.0,,,,0.039,,,,14.81
2020-03-11,6.0,1.286,,,0.116,0.025,,,14.81
2020-03-12,0.0,1.286,,,0.0,0.025,,,34.26
2020-03-13,4.0,1.714,,,0.077,0.033,,,34.26
2020-03-14,9.0,3.0,,,0.173,0.058,,,34.26
2020-03-15,12.0,4.714,,,0.231,0.091,,,34.26
2020-03-16,23.0,8.0,,,0.443,0.154,,,45.37
2020-03-17,18.0,10.286,,,0.347,0.198,,,50.93
2020-03-18,27.0,13.286,,,0.52,0.256,,,50.93
2020-03-19,6.0,14.143,,,0.116,0.273,,,50.93
2020-03-20,50.0,20.714,,,0.964,0.399,,,50.93
2020-03-21,38.0,24.857,,,0.733,0.479,,,50.93
2020-03-22,35.0,28.143,2.0,,0.675,0.543,0.039,,50.93
2020-03-23,46.0,31.429,1.0,,0.887,0.606,0.019,,53.7
2020-03-24,101.0,43.286,0.0,,1.947,0.834,0.0,,53.7
2020-03-25,92.0,52.571,1.0,,1.774,1.013,0.019,,87.96
2020-03-26,21.0,54.714,2.0,,0.405,1.055,0.039,,87.96
2020-03-27,48.0,54.429,0.0,0.857,0.925,1.049,0.0,0.017,87.96
2020-03-28,69.0,58.857,0.0,0.857,1.33,1.135,0.0,0.017,87.96
2020-03-29,94.0,67.286,4.0,1.143,1.812,1.297,0.077,0.022,87.96
2020-03-30,96.0,74.429,2.0,1.286,1.851,1.435,0.039,0.025,87.96
2020-03-31,108.0,75.429,4.0,1.857,2.082,1.454,0.077,0.036,87.96
2020-04-01,159.0,85.0,1.0,1.857,3.065,1.639,0.019,0.036,87.96
2020-04-02,96.0,95.714,2.0,1.857,1.851,1.845,0.039,0.036,87.96
2020-04-03,106.0,104.0,6.0,2.714,2.043,2.005,0.116,0.052,87.96
2020-04-04,139.0,114.0,7.0,3.714,2.68,2.198,0.135,0.072,87.96
2020-04-05,79.0,111.857,3.0,3.571,1.523,2.156,0.058,0.069,87.96
2020-04-06,94.0,111.571,11.0,4.857,1.812,2.151,0.212,0.094,87.96
2020-04-07,201.0,124.857,4.0,4.857,3.875,2.407,0.077,0.094,87.96
2020-04-08,274.0,141.286,4.0,5.286,5.282,2.724,0.077,0.102,87.96
2020-04-09,169.0,151.714,15.0,7.143,3.258,2.925,0.289,0.138,87.96
2020-04-10,250.0,172.286,11.0,7.857,4.819,3.321,0.212,0.151,87.96
2020-04-11,236.0,186.143,20.0,9.714,4.549,3.588,0.386,0.187,87.96
2020-04-12,67.0,184.429,9.0,10.571,1.292,3.555,0.173,0.204,87.96
2020-04-13,76.0,181.857,3.0,9.429,1.465,3.506,0.058,0.182,87.96
2020-04-14,127.0,171.286,15.0,11.0,2.448,3.302,0.289,0.212,84.26
2020-04-15,126.0,150.143,4.0,11.0,2.429,2.894,0.077,0.212,84.26
2020-04-16,128.0,144.286,13.0,10.714,2.468,2.781,0.251,0.207,84.26
2020-04-17,206.0,138.0,9.0,10.429,3.971,2.66,0.173,0.201,84.26
2020-04-18,182.0,130.286,13.0,9.429,3.508,2.512,0.251,0.182,84.26
2020-04-19,171.0,145.143,13.0,10.0,3.296,2.798,0.251,0.193,84.26
2020-04-20,185.0,160.714,10.0,11.0,3.566,3.098,0.193,0.212,84.26
2020-04-21,172.0,167.143,7.0,9.857,3.316,3.222,0.135,0.19,84.26
2020-04-22,207.0,178.714,10.0,10.714,3.99,3.445,0.193,0.207,84.26
2020-04-23,205.0,189.714,9.0,10.143,3.952,3.657,0.173,0.196,84.26
2020-04-24,320.0,206.0,10.0,10.286,6.169,3.971,0.193,0.198,87.04
2020-04-25,261.0,217.286,8.0,9.571,5.031,4.189,0.154,0.185,87.04
2020-04-26,237.0,226.714,11.0,9.286,4.569,4.37,0.212,0.179,87.04
2020-04-27,218.0,231.429,9.0,9.143,4.202,4.461,0.173,0.176,90.74
2020-04-28,352.0,257.143,16.0,10.429,6.786,4.957,0.308,0.201,90.74
2020-04-29,258.0,264.429,9.0,10.286,4.974,5.098,0.173,0.198,90.74
2020-04-30,300.0,278.0,15.0,11.143,5.783,5.359,0.289,0.215,90.74
2020-05-01,499.0,303.571,21.0,12.714,9.619,5.852,0.405,0.245,90.74
2020-05-02,279.0,306.143,10.0,13.0,5.378,5.902,0.193,0.251,90.74
2020-05-03,383.0,327.0,16.0,13.714,7.383,6.304,0.308,0.264,90.74
2020-05-04,305.0,339.429,18.0,15.0,5.88,6.543,0.347,0.289,90.74
2020-05-05,640.0,380.571,20.0,15.571,12.338,7.336,0.386,0.3,90.74
2020-05-06,346.0,393.143,19.0,17.0,6.67,7.579,0.366,0.328,87.04
2020-05-07,497.0,421.286,10.0,16.286,9.581,8.121,0.193,0.314,87.04
2020-05-08,595.0,435.0,21.0,16.286,11.47,8.386,0.405,0.314,87.04
2020-05-09,444.0,458.571,17.0,17.286,8.559,8.84,0.328,0.333,87.04
2020-05-10,568.0,485.0,18.0,17.571,10.95,9.35,0.347,0.339,87.04
2020-05-11,550.0,520.0,16.0,17.286,10.603,10.024,0.308,0.333,87.04
2020-05-12,659.0,522.714,14.0,16.429,12.704,10.077,0.27,0.317,87.04
2020-05-13,658.0,567.286,16.0,16.0,12.685,10.936,0.308,0.308,87.04
2020-05-14,680.0,593.429,16.0,16.857,13.109,11.44,0.308,0.325,87.04
2020-05-15,606.0,595.0,21.0,16.857,11.682,11.47,0.405,0.325,87.04
2020-05-16,723.0,634.857,16.0,16.714,13.938,12.238,0.308,0.322,87.04
2020-05-17,635.0,644.429,12.0,15.857,12.241,12.423,0.231,0.306,87.04
2020-05-18,721.0,668.857,18.0,16.143,13.899,12.894,0.347,0.311,87.04
2020-05-19,640.0,666.143,21.0,17.143,12.338,12.842,0.405,0.33,87.04
2020-05-20,752.0,679.571,17.0,17.286,14.497,13.1,0.328,0.333,87.04
2020-05-21,643.0,674.286,22.0,18.143,12.395,12.999,0.424,0.35,87.04
2020-05-22,801.0,702.143,30.0,19.429,15.441,13.536,0.578,0.375,87.04
2020-05-23,1046.0,748.286,23.0,20.429,20.164,14.425,0.443,0.394,87.04
2020-05-24,998.0,800.143,22.0,21.857,19.239,15.425,0.424,0.421,87.04
2020-05-25,806.0,812.286,23.0,22.571,15.538,15.659,0.443,0.435,87.04
2020-05-26,1022.0,866.857,26.0,23.286,19.702,16.711,0.501,0.449,87.04
2020-05-27,1101.0,916.714,27.0,24.714,21.224,17.672,0.52,0.476,87.04
2020-05-28,1262.0,1005.143,19.0,24.286,24.328,19.377,0.366,0.468,87.04
2020-05-29,1322.0,1079.571,31.0,24.429,25.485,20.811,0.598,0.471,87.04
2020-05-30,1548.0,1151.286,37.0,26.429,29.842,22.194,0.713,0.509,87.04
2020-05-31,1147.0,1172.571,49.0,30.286,22.111,22.604,0.945,0.584,87.04
2020-06-01,1110.0,1216.0,30.0,31.286,21.398,23.441,0.578,0.603,87.04
2020-06-02,1340.0,1261.429,40.0,33.286,25.832,24.317,0.771,0.642,87.04
2020-06-03,1521.0,1321.429,36.0,34.571,29.321,25.474,0.694,0.666,87.04
2020-06-04,1766.0,1393.429,42.0,37.857,34.044,26.862,0.81,0.73,87.04
2020-06-05,1515.0,1421.0,58.0,41.714,29.205,27.393,1.118,0.804,87.04
2020-06-06,1392.0,1398.714,60.0,45.0,26.834,26.964,1.157,0.867,87.04
2020-06-07,1209.0,1407.571,54.0,45.714,23.306,27.134,1.041,0.881,87.04
2020-06-08,1483.0,1460.857,49.0,48.429,28.588,28.162,0.945,0.934,87.04
2020-06-09,1359.0,1463.571,64.0,51.857,26.198,28.214,1.234,1.0,87.04
2020-06-10,1604.0,1475.429,61.0,55.429,30.921,28.443,1.176,1.069,87.04
2020-06-11,1530.0,1441.714,55.0,57.286,29.495,27.793,1.06,1.104,87.04
2020-06-12,1646.0,1460.429,57.0,57.143,31.731,28.153,1.099,1.102,87.04
2020-06-13,1888.0,1531.286,47.0,55.286,36.396,29.519,0.906,1.066,87.04
2020-06-14,2193.0,1671.857,75.0,58.286,42.275,32.229,1.446,1.124,87.04
2020-06-15,2124.0,1763.429,59.0,59.714,40.945,33.994,1.137,1.151,87.04
2020-06-16,1868.0,1836.143,75.0,61.286,36.01,35.396,1.446,1.181,87.04
2020-06-17,2115.0,1909.143,63.0,61.571,40.772,36.803,1.214,1.187,87.04
2020-06-18,3171.0,2143.571,86.0,66.0,61.129,41.323,1.658,1.272,87.04
2020-06-19,3059.0,2345.429,95.0,71.429,58.97,45.214,1.831,1.377,87.04
2020-06-20,2357.0,2412.429,81.0,76.286,45.437,46.506,1.561,1.471,87.04
2020-06-21,3019.0,2530.429,111.0,81.429,58.199,48.78,2.14,1.57,87.04
2020-06-22,2531.0,2588.571,73.0,83.429,48.791,49.901,1.407,1.608,87.04
2020-06-23,2389.0,2663.0,94.0,86.143,46.054,51.336,1.812,1.661,87.04
2020-06-24,3541.0,2866.714,87.0,89.571,68.262,55.263,1.677,1.727,87.04
2020-06-25,3486.0,2911.714,163.0,100.571,67.201,56.13,3.142,1.939,87.04
2020-06-26,3843.0,3023.714,157.0,109.429,74.083,58.29,3.027,2.11,87.04
2020-06-27,4149.0,3279.714,128.0,116.143,79.982,63.225,2.468,2.239,87.04
2020-06-28,3178.0,3302.429,239.0,134.429,61.264,63.662,4.607,2.591,87.04
2020-06-29,3274.0,3408.571,96.0,137.714,63.114,65.709,1.851,2.655,87.04
2020-06-30,2803.0,3467.714,60.0,132.857,54.035,66.849,1.157,2.561,87.04
2020-07-01,4163.0,3556.571,136.0,139.857,80.252,68.562,2.622,2.696,87.04
2020-07-02,4101.0,3644.429,171.0,141.0,79.057,70.255,3.296,2.718,87.04
2020-07-03,3395.0,3580.429,136.0,138.0,65.447,69.022,2.622,2.66,87.04
2020-07-04,3884.0,3542.571,165.0,143.286,74.874,68.292,3.181,2.762,87.04
2020-07-05,3721.0,3620.143,122.0,126.571,71.731,69.787,2.352,2.44,87.04
2020-07-06,3171.0,3605.429,146.0,133.714,61.129,69.504,2.815,2.578,87.04
2020-07-07,4213.0,3806.857,149.0,146.429,81.216,73.387,2.872,2.823,87.04
2020-07-08,4144.0,3804.143,168.0,151.0,79.886,73.334,3.239,2.911,87.04
2020-07-09,5335.0,3980.429,187.0,153.286,102.845,76.733,3.605,2.955,87.04
2020-07-10,6803.0,4467.286,211.0,164.0,131.145,86.118,4.068,3.162,87.04
2020-07-11,4856.0,4606.143,194.0,168.143,93.611,88.795,3.74,3.241,87.04
2020-07-12,4813.0,4762.143,188.0,177.571,92.782,91.802,3.624,3.423,87.04
2020-07-13,3832.0,4856.571,148.0,177.857,73.871,93.622,2.853,3.429,87.04
2020-07-14,5621.0,5057.714,170.0,180.857,108.359,97.5,3.277,3.486,87.04
2020-07-15,5271.0,5218.714,189.0,183.857,101.612,100.604,3.643,3.544,87.04
2020-07-16,8037.0,5604.714,215.0,187.857,154.933,108.045,4.145,3.621,87.04
2020-07-17,8934.0,5909.143,259.0,194.714,172.225,113.913,4.993,3.754,87.04
2020-07-18,8560.0,6438.286,228.0,199.571,165.015,124.114,4.395,3.847,87.04
2020-07-19,6578.0,6690.429,220.0,204.143,126.807,128.975,4.241,3.935,87.04
2020-07-20,6727.0,7104.0,193.0,210.571,129.68,136.947,3.721,4.059,87.04
2020-07-21,7033.0,7305.714,237.0,220.143,135.578,140.836,4.569,4.244,87.04
2020-07-22,7390.0,7608.429,207.0,222.714,142.461,146.671,3.99,4.293,87.04
2020-07-23,7945.0,7595.286,315.0,237.0,153.159,146.418,6.072,4.569,87.04
2020-07-24,7168.0,7343.0,287.0,241.0,138.181,141.554,5.533,4.646,87.04
2020-07-25,7254.0,7156.429,294.0,250.429,139.839,137.958,5.668,4.828,87.04
2020-07-26,8181.0,7385.429,256.0,255.571,157.709,142.372,4.935,4.927,87.04
2020-07-27,8125.0,7585.143,252.0,264.0,156.629,146.222,4.858,5.089,87.04
2020-07-28,10284.0,8049.571,297.0,272.571,198.249,155.175,5.725,5.254,87.04
2020-07-29,8670.0,8232.429,380.0,297.286,167.136,158.7,7.325,5.731,87.04
2020-07-30,9965.0,8521.0,356.0,303.143,192.1,164.263,6.863,5.844,87.04
2020-07-31,9488.0,8852.429,295.0,304.286,182.905,170.652,5.687,5.866,87.04
2020-08-01,10673.0,9340.857,225.0,294.429,205.748,180.068,4.337,5.676,87.04
2020-08-02,11470.0,9810.714,320.0,303.571,221.113,189.126,6.169,5.852,87.04
2020-08-03,10199.0,10107.0,367.0,320.0,196.611,194.837,7.075,6.169,87.04
2020-08-04,7129.0,9656.286,298.0,320.143,137.429,186.149,5.745,6.172,87.04
2020-08-05,10735.0,9951.286,309.0,310.0,206.944,191.836,5.957,5.976,87.04
2020-08-06,11996.0,10241.429,315.0,304.143,231.253,197.429,6.072,5.863,87.04
2020-08-07,9494.0,10242.286,311.0,306.429,183.02,197.445,5.995,5.907,87.04
2020-08-08,9666.0,10098.429,290.0,315.714,186.336,194.672,5.59,6.086,87.04
2020-08-09,10611.0,9975.714,302.0,313.143,204.553,192.307,5.822,6.037,87.04
2020-08-10,10142.0,9967.571,312.0,305.286,195.512,192.15,6.015,5.885,87.04
2020-08-11,12830.0,10782.0,321.0,308.571,247.33,207.85,6.188,5.948,87.04
2020-08-12,12066.0,10972.143,362.0,316.143,232.602,211.515,6.978,6.094,87.04
2020-08-13,11286.0,10870.714,308.0,315.143,217.566,209.56,5.937,6.075,87.04
2020-08-14,11306.0,11129.571,347.0,320.286,217.951,214.55,6.689,6.174,87.04
2020-08-15,11578.0,11402.714,318.0,324.286,223.195,219.815,6.13,6.251,87.04
2020-08-16,11643.0,11550.143,287.0,322.143,224.448,222.658,5.533,6.21,87.04
2020-08-17,8328.0,11291.0,275.0,316.857,160.543,217.662,5.301,6.108,87.04
2020-08-18,12462.0,11238.429,247.0,306.286,240.236,216.648,4.762,5.904,87.04
2020-08-19,13056.0,11379.857,360.0,306.0,251.687,219.375,6.94,5.899,87.04
2020-08-20,11541.0,11416.286,204.0,291.143,222.481,220.077,3.933,5.612,87.04
2020-08-21,8419.0,11003.857,385.0,296.571,162.297,212.127,7.422,5.717,87.04
2020-08-22,10965.0,10916.286,400.0,308.286,211.377,210.438,7.711,5.943,87.04
2020-08-23,8036.0,10401.0,348.0,317.0,154.914,200.505,6.709,6.111,87.04
2020-08-24,10549.0,10718.286,296.0,320.0,203.358,206.621,5.706,6.169,87.04
2020-08-25,10425.0,10427.286,277.0,324.286,200.968,201.012,5.34,6.251,87.04
2020-08-26,10130.0,10009.286,295.0,315.0,195.281,192.954,5.687,6.072,87.04
2020-08-27,9752.0,9753.714,283.0,326.286,187.994,188.027,5.456,6.29,87.04
2020-08-28,8497.0,9764.857,299.0,314.0,163.801,188.242,5.764,6.053,87.04
2020-08-29,9392.0,9540.143,297.0,299.286,181.054,183.91,5.725,5.769,87.04
2020-08-30,8020.0,9537.857,300.0,292.429,154.605,183.866,5.783,5.637,87.04
2020-08-31,7190.0,9058.0,299.0,292.857,138.605,174.615,5.764,5.646,87.04
2020-09-01,8932.0,8844.714,388.0,308.714,172.186,170.504,7.48,5.951,71.3
2020-09-02,9295.0,8725.429,295.0,308.714,179.184,168.204,5.687,5.951,71.3
2020-09-03,8253.0,8511.286,273.0,307.286,159.097,164.076,5.263,5.924,71.3
2020-09-04,8489.0,8510.143,270.0,303.143,163.646,164.054,5.205,5.844,71.3
2020-09-05,8393.0,8367.429,268.0,299.0,161.796,161.303,5.166,5.764,71.3
2020-09-06,8065.0,8373.857,256.0,292.714,155.473,161.427,4.935,5.643,71.3
2020-09-07,5327.0,8107.714,203.0,279.0,102.691,156.296,3.913,5.378,71.3
2020-09-08,7665.0,7926.714,202.0,252.429,147.762,152.807,3.894,4.866,71.3
2020-09-09,7338.0,7647.143,236.0,244.0,141.458,147.418,4.549,4.704,71.3
2020-09-10,7813.0,7584.286,222.0,236.714,150.615,146.206,4.28,4.563,71.3
2020-09-11,7424.0,7432.143,243.0,232.857,143.116,143.273,4.684,4.489,71.3
2020-09-12,6876.0,7215.429,216.0,225.429,132.552,139.095,4.164,4.346,71.3
2020-09-13,7355.0,7114.0,190.0,216.0,141.786,137.14,3.663,4.164,71.3
2020-09-14,5573.0,7149.143,199.0,215.429,107.433,137.817,3.836,4.153,71.3
2020-09-15,6698.0,7011.0,165.0,210.143,129.12,135.154,3.181,4.051,71.3
2020-09-16,7787.0,7075.143,190.0,203.571,150.114,136.391,3.663,3.924,71.3
2020-09-17,7568.0,7040.143,187.0,198.571,145.892,135.716,3.605,3.828,71.3
2020-09-18,6526.0,6911.857,0.0,163.857,125.805,133.243,0.0,3.159,71.3
2020-09-19,7927.0,7062.0,374.0,186.429,152.813,136.137,7.21,3.594,71.3
2020-09-20,6678.0,6965.286,169.0,183.429,128.735,134.273,3.258,3.536,71.3
2020-09-21,5359.0,6934.714,189.0,182.0,103.308,133.684,3.643,3.508,71.3
2020-09-22,7102.0,6992.429,0.0,158.429,136.909,134.796,0.0,3.054,71.3
2020-09-23,6731.0,6841.571,349.0,181.143,129.757,131.888,6.728,3.492,71.3
2020-09-24,6555.0,6696.857,0.0,154.429,126.364,129.098,0.0,2.977,71.3
2020-09-25,7494.0,6835.143,357.0,205.429,144.465,131.764,6.882,3.96,71.3
2020-09-26,7721.0,6805.714,193.0,179.571,148.841,131.197,3.721,3.462,71.3
2020-09-27,7018.0,6854.286,192.0,182.857,135.289,132.133,3.701,3.525,71.3
2020-09-28,5147.0,6824.0,153.0,177.714,99.221,131.549,2.949,3.426,71.3
2020-09-29,5839.0,6643.571,187.0,204.429,112.561,128.071,3.605,3.941,71.3
2020-09-30,5637.0,6487.286,170.0,178.857,108.667,125.058,3.277,3.448,71.3
2020-10-01,5660.0,6359.429,198.0,207.143,109.11,122.594,3.817,3.993,71.3
2020-10-02,6193.0,6173.571,201.0,184.857,119.385,119.011,3.875,3.564,71.3
2020-10-03,6615.0,6015.571,159.0,180.0,127.52,115.965,3.065,3.47,71.3
2020-10-04,6905.0,5999.429,156.0,174.857,133.111,115.654,3.007,3.371,71.3
2020-10-05,7106.0,6279.286,132.0,171.857,136.986,121.049,2.545,3.313,71.3
2020-10-06,7650.0,6538.0,173.0,169.857,147.473,126.036,3.335,3.274,71.3
2020-10-07,7876.0,6857.857,163.0,168.857,151.829,132.202,3.142,3.255,71.3
2020-10-08,8495.0,7262.857,0.0,140.571,163.762,140.01,0.0,2.71,71.3
2020-10-09,8121.0,7538.286,315.0,156.857,156.552,145.319,6.072,3.024,71.3
2020-10-10,8447.0,7800.0,165.0,157.714,162.837,150.364,3.181,3.04,71.3
2020-10-11,8569.0,8037.714,174.0,160.286,165.189,154.947,3.354,3.09,71.3
2020-10-12,7768.0,8132.286,151.0,163.0,149.747,156.77,2.911,3.142,71.3
2020-10-13,5014.0,7755.714,156.0,160.571,96.657,149.511,3.007,3.095,71.3
2020-10-14,6061.0,7496.429,165.0,160.857,116.841,144.512,3.181,3.101,71.3
2020-10-15,6823.0,7257.571,151.0,182.429,131.53,139.908,2.911,3.517,71.3
2020-10-16,8372.0,7293.429,159.0,160.143,161.391,140.599,3.065,3.087,71.3
2020-10-17,7017.0,7089.143,187.0,163.286,135.27,136.661,3.605,3.148,71.3
2020-10-18,7201.0,6893.714,167.0,162.286,138.817,132.893,3.219,3.128,71.3
2020-10-19,6311.0,6685.571,132.0,159.571,121.66,128.881,2.545,3.076,65.74
2020-10-20,8256.0,7148.714,170.0,161.571,159.155,137.809,3.277,3.115,65.74
2020-10-21,7561.0,7363.0,192.0,165.429,145.757,141.94,3.701,3.189,65.74
2020-10-22,8673.0,7627.286,173.0,168.571,167.193,147.035,3.335,3.25,65.74
2020-10-23,8569.0,7655.429,165.0,169.429,165.189,147.577,3.181,3.266,65.74
2020-10-24,8769.0,7905.714,198.0,171.0,169.044,152.402,3.817,3.296,65.74
2020-10-25,8174.0,8044.714,154.0,169.143,157.574,155.082,2.969,3.261,65.74
2020-10-26,9167.0,8452.714,194.0,178.0,176.717,162.947,3.74,3.431,65.74
2020-10-27,8166.0,8439.857,217.0,184.714,157.42,162.699,4.183,3.561,65.74
2020-10-28,8717.0,8605.0,188.0,184.143,168.042,165.883,3.624,3.55,65.74
2020-10-29,11187.0,8964.143,173.0,184.143,215.657,172.806,3.335,3.55,65.74
2020-10-30,10029.0,9172.714,209.0,190.429,193.334,176.827,4.029,3.671,65.74
2020-10-31,11033.0,9496.143,179.0,187.714,212.688,183.062,3.451,3.619,65.74
2020-11-01,9137.0,9633.714,201.0,194.429,176.138,185.714,3.875,3.748,65.74
2020-11-02,9935.0,9743.429,138.0,186.429,191.522,187.829,2.66,3.594,65.74
2020-11-03,6136.0,9453.429,194.0,183.143,118.287,182.238,3.74,3.531,65.74
2020-11-04,8694.0,9450.143,166.0,180.0,167.598,182.175,3.2,3.47,65.74
2020-11-05,9891.0,9265.0,196.0,183.286,190.673,178.606,3.778,3.533,65.74
2020-11-06,9756.0,9226.0,196.0,181.429,188.071,177.854,3.778,3.497,65.74
2020-11-07,8714.0,8894.714,190.0,183.0,167.984,171.468,3.663,3.528,65.74
2020-11-08,7440.0,8652.286,196.0,182.286,143.424,166.794,3.778,3.514,65.74
2020-11-09,5177.0,7972.571,183.0,188.714,99.799,153.691,3.528,3.638,65.74
2020-11-10,6292.0,7994.857,154.0,183.0,121.294,154.121,2.969,3.528,65.74
2020-11-11,9970.0,8177.143,184.0,185.571,192.196,157.635,3.547,3.577,65.74
2020-11-12,8686.0,8005.0,179.0,183.143,167.444,154.316,3.451,3.531,65.74
2020-11-13,8685.0,7852.0,178.0,180.571,167.425,151.367,3.431,3.481,65.74
2020-11-14,8937.0,7883.857,160.0,176.286,172.283,151.981,3.084,3.398,65.74
2020-11-15,7112.0,7837.0,202.0,177.143,137.101,151.078,3.894,3.415,65.74
2020-11-16,6471.0,8021.857,192.0,178.429,124.745,154.641,3.701,3.44,65.74
2020-11-17,5911.0,7967.429,158.0,179.0,113.949,153.592,3.046,3.451,65.74
2020-11-18,6875.0,7525.286,182.0,178.714,132.533,145.068,3.508,3.445,65.74
2020-11-19,7487.0,7354.0,198.0,181.429,144.33,141.767,3.817,3.497,65.74
2020-11-20,7954.0,7249.571,168.0,180.0,153.333,139.753,3.239,3.47,65.74
2020-11-21,7049.0,6979.857,175.0,182.143,135.887,134.554,3.374,3.511,65.74
2020-11-22,7924.0,7095.857,183.0,179.429,152.755,136.79,3.528,3.459,65.74
2020-11-23,6562.0,7108.857,192.0,179.429,126.499,137.041,3.701,3.459,65.74
2020-11-24,7515.0,7338.0,198.0,185.143,144.87,141.458,3.817,3.569,65.74
2020-11-25,8497.0,7569.714,183.0,185.286,163.801,145.925,3.528,3.572,65.74
2020-11-26,9496.0,7856.714,159.0,179.714,183.059,151.458,3.065,3.464,60.19
2020-11-27,10023.0,8152.286,195.0,183.571,193.218,157.155,3.759,3.539,60.19
2020-11-28,9103.0,8445.714,187.0,185.286,175.483,162.812,3.605,3.572,60.19
2020-11-29,8763.0,8565.571,183.0,185.286,168.928,165.123,3.528,3.572,60.19
2020-11-30,8430.0,8832.429,182.0,183.857,162.509,170.267,3.508,3.544,60.19
2020-12-01,7986.0,8899.714,168.0,179.571,153.95,171.564,3.239,3.462,60.19
2020-12-02,9297.0,9014.0,183.0,179.571,179.223,173.767,3.528,3.462,60.19
2020-12-03,9233.0,8976.429,188.0,183.714,177.989,173.043,3.624,3.542,60.19
2020-12-04,9285.0,8871.0,162.0,179.0,178.991,171.01,3.123,3.451,60.19
2020-12-05,9642.0,8948.0,166.0,176.0,185.873,172.495,3.2,3.393,60.19
2020-12-06,8854.0,8961.0,175.0,174.857,170.683,172.745,3.374,3.371,60.19
2020-12-07,5997.0,8613.429,187.0,175.571,115.607,166.045,3.605,3.385,60.19
2020-12-08,7510.0,8545.429,163.0,174.857,144.774,164.734,3.142,3.371,60.19
2020-12-09,7523.0,8292.0,150.0,170.143,145.024,159.849,2.892,3.28,60.19
2020-12-10,7778.0,8084.143,176.0,168.429,149.94,155.842,3.393,3.247,60.19
2020-12-11,8998.0,8043.143,185.0,171.714,173.459,155.051,3.566,3.31,60.19
2020-12-12,8163.0,7831.857,197.0,176.143,157.362,150.978,3.798,3.396,60.19
2020-12-13,8702.0,7810.143,187.0,177.857,167.753,150.56,3.605,3.429,60.19
2020-12-14,8742.0,8202.286,142.0,171.429,168.524,158.119,2.737,3.305,60.19
2020-12-15,10130.0,8576.571,161.0,171.143,195.281,165.335,3.104,3.299,60.19
2020-12-16,11953.0,9209.429,204.0,178.857,230.424,177.534,3.933,3.448,60.19
2020-12-17,12196.0,9840.571,227.0,186.143,235.108,189.701,4.376,3.588,60.19
2020-12-18,13277.0,10451.857,232.0,192.857,255.947,201.485,4.472,3.718,60.19
2020-12-19,13990.0,11284.286,249.0,200.286,269.692,217.532,4.8,3.861,60.19
2020-12-20,11160.0,11635.429,207.0,203.143,215.137,224.302,3.99,3.916,60.19
2020-12-21,10845.0,11935.857,205.0,212.143,209.064,230.093,3.952,4.09,60.19
2020-12-22,12526.0,12278.143,251.0,225.0,241.47,236.692,4.839,4.337,60.19
2020-12-23,14233.0,12603.857,243.0,230.571,274.376,242.97,4.684,4.445,60.19
2020-12-24,14940.0,12995.857,280.0,238.143,288.005,250.527,5.398,4.591,60.19
2020-12-25,14941.0,13233.571,236.0,238.714,288.025,255.11,4.549,4.602,60.19
2020-12-26,10196.0,12691.571,253.0,239.286,196.553,244.661,4.877,4.613,60.19
2020-12-27,9594.0,12467.857,228.0,242.286,184.948,240.349,4.395,4.671,60.19
2020-12-28,9310.0,12248.571,203.0,242.0,179.473,236.121,3.913,4.665,60.19
2020-12-29,11015.0,12032.714,246.0,241.286,212.341,231.96,4.742,4.651,60.19
2020-12-30,11639.0,11662.143,289.0,247.857,224.37,224.817,5.571,4.778,60.19
2020-12-31,16314.0,11858.429,304.0,251.286,314.493,228.6,5.86,4.844,60.19
2021-01-01,12105.0,11453.286,282.0,257.857,233.354,220.79,5.436,4.971,60.19
2021-01-02,11528.0,11643.571,270.0,260.286,222.231,224.459,5.205,5.018,60.19
2021-01-03,9412.0,11617.571,200.0,256.286,181.44,223.957,3.855,4.941,60.19
2021-01-04,10311.0,11760.571,222.0,259.0,198.77,226.714,4.28,4.993,60.19
2021-01-05,16835.0,12592.0,241.0,258.286,324.536,242.742,4.646,4.979,60.19
2021-01-06,16805.0,13330.0,295.0,259.143,323.958,256.969,5.687,4.996,60.19
2021-01-07,17576.0,13510.286,344.0,264.857,338.821,260.444,6.631,5.106,81.02
2021-01-08,18221.0,14384.0,364.0,276.571,351.255,277.287,7.017,5.332,81.02
2021-01-09,15795.0,14993.571,353.0,288.429,304.488,289.038,6.805,5.56,81.02
2021-01-10,15537.0,15868.571,330.0,307.0,299.514,305.906,6.362,5.918,81.02
2021-01-11,15003.0,16538.857,337.0,323.429,289.22,318.827,6.497,6.235,81.02
2021-01-12,14179.0,16159.429,331.0,336.286,273.335,311.513,6.381,6.483,81.02
2021-01-13,15898.0,16029.857,342.0,343.0,306.473,309.015,6.593,6.612,81.02
2021-01-14,17121.0,15964.857,367.0,346.286,330.05,307.762,7.075,6.676,81.02
2021-01-15,21078.0,16373.0,377.0,348.143,406.331,315.63,7.268,6.711,81.02
2021-01-16,20855.0,17095.857,388.0,353.143,402.032,329.565,7.48,6.808,81.02
2021-01-17,17379.0,17359.0,375.0,359.571,335.023,334.638,7.229,6.932,81.02
2021-01-18,14719.0,17318.429,373.0,364.714,283.745,333.855,7.19,7.031,81.02
2021-01-19,15939.0,17569.857,398.0,374.286,307.264,338.702,7.672,7.215,81.02
2021-01-20,17908.0,17857.0,390.0,381.143,345.221,344.238,7.518,7.347,81.02
2021-01-21,15366.0,17606.286,395.0,385.143,296.218,339.405,7.615,7.425,81.02
2021-01-22,15073.0,16748.429,399.0,388.286,290.569,322.867,7.692,7.485,81.02
2021-01-23,15551.0,15990.714,396.0,389.429,299.784,308.261,7.634,7.507,81.02
2021-01-24,12516.0,15296.0,392.0,391.857,241.277,294.868,7.557,7.554,81.02
2021-01-25,12261.0,14944.857,373.0,391.857,236.361,288.099,7.19,7.554,81.02
2021-01-26,13606.0,14611.571,381.0,389.429,262.289,281.674,7.345,7.507,81.02
2021-01-27,13953.0,14046.571,395.0,390.143,268.979,270.782,7.615,7.521,81.02
2021-01-28,12270.0,13604.286,390.0,389.429,236.535,262.256,7.518,7.507,81.02
2021-01-29,10058.0,12887.857,371.0,385.429,193.893,248.445,7.152,7.43,81.02
2021-01-30,9173.0,11976.714,366.0,381.143,176.832,230.881,7.056,7.347,81.02
2021-01-31,8078.0,11342.714,333.0,372.714,155.723,218.659,6.419,7.185,81.02
2021-02-01,9622.0,10965.714,289.0,360.714,185.488,211.391,5.571,6.954,81.02
2021-02-02,10091.0,10463.571,304.0,349.714,194.529,201.711,5.86,6.742,81.02
2021-02-03,11025.0,10045.286,301.0,336.286,212.534,193.648,5.803,6.483,81.02
2021-02-04,9790.0,9691.0,254.0,316.857,188.726,186.818,4.896,6.108,81.02
2021-02-05,7248.0,9289.571,272.0,302.714,139.723,179.079,5.243,5.836,81.02
2021-02-06,8547.0,9200.143,290.0,291.857,164.765,177.355,5.59,5.626,81.02
2021-02-07,6009.0,8904.571,300.0,287.143,115.838,171.658,5.783,5.535,81.02
2021-02-08,4246.0,8136.571,297.0,288.286,81.852,156.853,5.725,5.557,81.02
2021-02-09,5442.0,7472.429,217.0,275.857,104.908,144.05,4.183,5.318,81.02
2021-02-10,6443.0,6817.857,226.0,265.143,124.205,131.431,4.357,5.111,81.02
2021-02-11,6294.0,6318.429,250.0,264.571,121.332,121.803,4.819,5.1,81.02
2021-02-12,5528.0,6072.714,213.0,256.143,106.566,117.067,4.106,4.938,81.02
2021-02-13,4947.0,5558.429,229.0,247.429,95.366,107.152,4.415,4.77,81.02
2021-02-14,4923.0,5403.286,180.0,230.286,94.903,104.162,3.47,4.439,81.02
2021-02-15,3510.0,5298.143,181.0,213.714,67.664,102.135,3.489,4.12,81.02
2021-02-16,4049.0,5099.143,163.0,206.0,78.054,98.299,3.142,3.971,81.02
2021-02-17,5103.0,4907.714,185.0,200.143,98.373,94.608,3.566,3.858,81.02
2021-02-18,4824.0,4697.714,200.0,193.0,92.995,90.56,3.855,3.721,81.02
2021-02-19,4476.0,4547.429,177.0,187.857,86.286,87.663,3.412,3.621,81.02
2021-02-20,5017.0,4557.429,174.0,180.0,96.715,87.856,3.354,3.47,81.02
2021-02-21,4244.0,4460.429,149.0,175.571,81.814,85.986,2.872,3.385,81.02
2021-02-22,3401.0,4444.857,140.0,169.714,65.563,85.686,2.699,3.272,81.02
2021-02-23,3926.0,4427.286,144.0,167.0,75.683,85.347,2.776,3.219,81.02
2021-02-24,3953.0,4263.0,142.0,160.857,76.204,82.18,2.737,3.101,81.02
2021-02-25,3683.0,4100.0,136.0,151.714,70.999,79.038,2.622,2.925,81.02
2021-02-26,3567.0,3970.143,122.0,143.857,68.763,76.534,2.352,2.773,81.02
2021-02-27,3343.0,3731.0,142.0,139.286,64.445,71.924,2.737,2.685,81.02
2021-02-28,3555.0,3632.571,106.0,133.143,68.531,70.027,2.043,2.567,81.02
2021-03-01,3570.0,3656.714,100.0,127.429,68.821,70.492,1.928,2.457,81.02
2021-03-02,4339.0,3715.714,106.0,122.0,83.645,71.63,2.043,2.352,81.02
2021-03-03,3047.0,3586.286,110.0,117.429,58.738,69.135,2.121,2.264,81.02
2021-03-04,3565.0,3569.429,107.0,113.286,68.724,68.81,2.063,2.184,81.02
2021-03-05,3371.0,3541.429,111.0,111.714,64.984,68.27,2.14,2.154,81.02
2021-03-06,3663.0,3587.143,112.0,107.429,70.613,69.151,2.159,2.071,81.02
2021-03-07,3411.0,3566.571,91.0,105.286,65.755,68.754,1.754,2.03,81.02
2021-03-08,2205.0,3371.571,95.0,104.571,42.507,64.995,1.831,2.016,81.02
2021-03-09,3511.0,3253.286,78.0,100.571,67.683,62.715,1.504,1.939,81.02
2021-03-10,3588.0,3330.571,97.0,98.714,69.168,64.205,1.87,1.903,81.02
2021-03-11,4579.0,3475.429,85.0,95.571,88.272,66.997,1.639,1.842,81.02
2021-03-12,4078.0,3576.429,92.0,92.857,78.614,68.944,1.774,1.79,81.02
2021-03-13,4465.0,3691.0,96.0,90.571,86.074,71.153,1.851,1.746,81.02
2021-03-14,4062.0,3784.0,97.0,91.429,78.305,72.946,1.87,1.763,81.02
2021-03-15,2740.0,3860.429,100.0,92.143,52.82,74.419,1.928,1.776,81.02
2021-03-16,3716.0,3889.714,125.0,98.857,71.635,74.984,2.41,1.906,81.02
2021-03-17,4554.0,4027.714,130.0,103.571,87.79,77.644,2.506,1.997,81.02
2021-03-18,5139.0,4107.714,138.0,111.143,99.067,79.186,2.66,2.143,81.02
2021-03-19,5133.0,4258.429,135.0,117.286,98.951,82.092,2.602,2.261,81.02
2021-03-20,6761.0,4586.429,136.0,123.0,130.335,88.415,2.622,2.371,81.02
2021-03-21,6043.0,4869.429,121.0,126.429,116.494,93.87,2.333,2.437,81.02
2021-03-22,5048.0,5199.143,120.0,129.286,97.313,100.226,2.313,2.492,81.02
2021-03-23,4946.0,5374.857,126.0,129.429,95.346,103.614,2.429,2.495,81.02
2021-03-24,5986.0,5579.429,120.0,128.0,115.395,107.557,2.313,2.468,81.02
2021-03-25,6732.0,5807.0,125.0,126.143,129.776,111.944,2.41,2.432,81.02
2021-03-26,7395.0,6130.143,126.0,124.857,142.557,118.174,2.429,2.407,81.02
2021-03-27,8254.0,6343.429,145.0,126.143,159.116,122.285,2.795,2.432,81.02
2021-03-28,7139.0,6500.0,165.0,132.429,137.622,125.304,3.181,2.553,81.02
2021-03-29,7049.0,6785.857,124.0,133.0,135.887,130.814,2.39,2.564,81.02
2021-03-30,7952.0,7215.286,176.0,140.143,153.294,139.092,3.393,2.702,81.02
2021-03-31,8646.0,7595.286,167.0,146.857,166.673,146.418,3.219,2.831,81.02
2021-04-01,11449.0,8269.143,192.0,156.429,220.708,159.408,3.701,3.016,81.02
2021-04-02,10222.0,8673.0,163.0,161.714,197.054,167.193,3.142,3.117,81.02
2021-04-03,9149.0,8800.857,155.0,163.143,176.37,169.658,2.988,3.145,81.02
2021-04-04,9022.0,9069.857,162.0,162.714,173.921,174.844,3.123,3.137,81.02
2021-04-05,10190.0,9518.571,199.0,173.429,196.437,183.494,3.836,3.343,79.63
2021-04-06,11827.0,10072.143,231.0,181.286,227.995,194.165,4.453,3.495,79.63
2021-04-07,11381.0,10462.857,243.0,192.143,219.397,201.697,4.684,3.704,79.63
2021-04-08,12464.0,10607.857,247.0,200.0,240.274,204.493,4.762,3.855,79.63
2021-04-09,12125.0,10879.714,269.0,215.143,233.739,209.733,5.186,4.147,79.63
2021-04-10,14509.0,11645.429,325.0,239.429,279.697,224.494,6.265,4.616,79.63
2021-04-11,17483.0,12854.143,281.0,256.429,337.028,247.795,5.417,4.943,79.63
2021-04-12,16739.0,13789.714,267.0,266.143,322.686,265.831,5.147,5.131,79.63
2021-04-13,16377.0,14439.714,326.0,279.714,315.707,278.361,6.284,5.392,79.63
2021-04-14,16487.0,15169.143,337.0,293.143,317.828,292.423,6.497,5.651,79.63
2021-04-15,16918.0,15805.429,380.0,312.143,326.136,304.689,7.325,6.017,79.63
2021-04-16,16703.0,16459.429,365.0,325.857,321.992,317.296,7.036,6.282,79.63
2021-04-17,16654.0,16765.857,367.0,331.857,321.047,323.203,7.075,6.397,79.63
2021-04-18,16871.0,16678.429,397.0,348.429,325.23,321.518,7.653,6.717,79.63
2021-04-19,14189.0,16314.143,420.0,370.286,273.528,314.495,8.097,7.138,79.63
2021-04-20,16965.0,16398.143,429.0,385.0,327.042,316.115,8.27,7.422,79.63
2021-04-21,17212.0,16501.714,419.0,396.714,331.804,318.111,8.077,7.648,79.63
2021-04-22,19306.0,16842.857,430.0,403.857,372.171,324.688,8.289,7.785,79.63
2021-04-23,19925.0,17303.143,420.0,411.714,384.104,333.561,8.097,7.937,79.63
2021-04-24,16730.0,17314.0,440.0,422.143,322.512,333.77,8.482,8.138,79.63
2021-04-25,17190.0,17359.571,465.0,431.857,331.38,334.649,8.964,8.325,79.63
2021-04-26,12839.0,17166.714,448.0,435.857,247.503,330.931,8.636,8.402,79.63
2021-04-27,17578.0,17254.286,436.0,436.857,338.859,332.619,8.405,8.422,79.63
2021-04-28,19745.0,17616.143,490.0,447.0,380.634,339.595,9.446,8.617,79.63
2021-04-29,17308.0,17330.714,505.0,457.714,333.654,334.092,9.735,8.824,79.63
2021-04-30,17790.0,17025.714,490.0,467.714,342.946,328.213,9.446,9.016,75.93
2021-05-01,18022.0,17210.286,272.0,443.714,347.419,331.771,5.243,8.554,75.93
2021-05-02,15909.0,17027.286,485.0,446.571,306.685,328.243,9.35,8.609,75.93
2021-05-03,11599.0,16850.143,687.0,480.714,223.599,324.828,13.244,9.267,69.44
2021-05-04,14551.0,16417.714,463.0,484.571,280.506,316.492,8.925,9.341,69.44
2021-05-05,14806.0,15712.143,388.0,470.0,285.422,302.89,7.48,9.06,69.44
2021-05-06,16490.0,15595.286,399.0,454.857,317.885,300.638,7.692,8.768,69.44
2021-05-07,17525.0,15557.429,453.0,449.571,337.838,299.908,8.733,8.667,69.44
2021-05-08,16910.0,15398.571,492.0,481.0,325.982,296.845,9.485,9.272,69.44
2021-05-09,17222.0,15586.143,495.0,482.429,331.997,300.461,9.542,9.3,69.44
2021-05-10,12543.0,15721.0,488.0,454.0,241.797,303.061,9.407,8.752,69.44
2021-05-11,16425.0,15988.714,429.0,449.143,316.632,308.222,8.27,8.658,62.96
2021-05-12,16993.0,16301.143,490.0,463.714,327.582,314.245,9.446,8.939,62.96
2021-05-13,19160.0,16682.571,499.0,478.0,369.356,321.598,9.619,9.215,62.96
2021-05-14,16581.0,16547.714,490.0,483.286,319.64,318.998,9.446,9.317,62.96
2021-05-15,18873.0,16828.143,530.0,488.714,363.824,324.404,10.217,9.421,62.96
2021-05-16,15093.0,16524.0,520.0,492.286,290.955,318.541,10.024,9.49,62.96
2021-05-17,12984.0,16587.0,509.0,495.286,250.299,319.755,9.812,9.548,62.96
2021-05-18,13137.0,16117.286,482.0,502.857,253.248,310.7,9.292,9.694,62.96
2021-05-19,16579.0,16058.143,452.0,497.429,319.601,309.56,8.713,9.589,62.96
2021-05-20,16086.0,15619.0,490.0,496.143,310.097,301.095,9.446,9.564,62.96
2021-05-21,14838.0,15370.0,486.0,495.571,286.039,296.295,9.369,9.553,62.96
2021-05-22,18737.0,15350.571,509.0,492.571,361.202,295.92,9.812,9.496,62.96
2021-05-23,21669.0,16290.0,496.0,489.143,417.723,314.03,9.562,9.429,62.96
2021-05-24,16977.0,16860.429,483.0,485.429,327.274,325.026,9.311,9.358,62.96
2021-05-25,21181.0,18009.571,459.0,482.143,408.316,347.179,8.848,9.294,62.96
2021-05-26,23487.0,18996.429,514.0,491.0,452.77,366.203,9.909,9.465,62.96
2021-05-27,25092.0,20283.0,513.0,494.286,483.71,391.005,9.889,9.529,62.96
2021-05-28,23374.0,21502.429,514.0,498.286,450.592,414.512,9.909,9.606,62.96
2021-05-29,20494.0,21753.429,540.0,502.714,395.072,419.351,10.41,9.691,62.96
2021-05-30,20218.0,21546.143,535.0,508.286,389.752,415.355,10.313,9.798,62.96
2021-05-31,23177.0,22431.857,492.0,509.571,446.794,432.429,9.485,9.823,62.96
2021-06-01,25966.0,23115.429,523.0,518.714,500.559,445.607,10.082,9.999,62.96
2021-06-02,27000.0,23617.286,511.0,518.286,520.492,455.282,9.851,9.991,62.96
2021-06-03,28624.0,24121.857,545.0,522.857,551.798,465.008,10.506,10.079,62.96
2021-06-04,30000.0,25068.429,537.0,526.143,578.324,483.256,10.352,10.143,62.96
2021-06-05,28971.0,26279.429,532.0,525.0,558.488,506.601,10.256,10.121,62.96
2021-06-06,24050.0,26826.857,539.0,525.571,463.623,517.154,10.391,10.132,62.96
2021-06-07,21949.0,26651.429,535.0,531.714,423.121,513.772,10.313,10.25,62.96
2021-06-08,18586.0,25597.143,427.0,518.0,358.291,493.448,8.231,9.986,62.96
2021-06-09,21879.0,24865.571,471.0,512.286,421.772,479.345,9.08,9.876,59.26
2021-06-10,31656.0,25298.714,652.0,527.571,610.248,487.695,12.569,10.17,59.26
2021-06-11,29570.0,25237.286,569.0,532.143,570.035,486.511,10.969,10.258,59.26
2021-06-12,29998.0,25384.0,577.0,538.571,578.286,489.339,11.123,10.382,59.26
2021-06-13,28519.0,26022.429,586.0,545.286,549.774,501.647,11.297,10.512,59.26
2021-06-14,24376.0,26369.143,588.0,552.857,469.908,508.33,11.335,10.658,59.26
2021-06-15,24452.0,27207.143,599.0,577.429,471.373,524.485,11.547,11.131,59.26
2021-06-16,27827.0,28056.857,595.0,595.143,536.434,540.865,11.47,11.473,59.26
2021-06-17,29945.0,27812.429,596.0,587.143,577.264,536.153,11.489,11.319,59.26
2021-06-18,28790.0,27701.0,590.0,590.143,554.998,534.005,11.374,11.376,59.26
2021-06-19,28734.0,27520.429,589.0,591.857,553.919,530.524,11.354,11.41,59.26
2021-06-20,27818.0,27420.286,599.0,593.714,536.261,528.594,11.547,11.445,59.26
2021-06-21,23239.0,27257.857,648.0,602.286,447.989,525.463,12.492,11.611,59.26
2021-06-22,28616.0,27852.714,720.0,619.571,551.644,536.93,13.88,11.944,59.26
2021-06-23,29995.0,28162.429,645.0,626.714,578.228,542.9,12.434,12.081,59.26
2021-06-24,32997.0,28598.429,689.0,640.0,636.099,551.305,13.282,12.338,59.26
2021-06-25,32733.0,29161.714,685.0,653.571,631.009,562.164,13.205,12.599,59.26
2021-06-26,33594.0,29856.0,693.0,668.429,647.607,575.548,13.359,12.886,59.26
2021-06-27,32376.0,30507.143,664.0,677.714,624.127,588.101,12.8,13.065,59.26
2021-06-28,28478.0,31255.571,648.0,677.714,548.984,602.528,12.492,13.065,59.26
2021-06-29,25880.0,30864.714,608.0,661.714,498.901,594.994,11.721,12.756,59.26
2021-06-30,27908.0,30566.571,610.0,656.714,537.996,589.246,11.759,12.66,59.26
2021-07-01,28315.0,29897.714,593.0,643.0,545.842,576.352,11.432,12.395,59.26
2021-07-02,28005.0,29222.286,586.0,628.857,539.866,563.332,11.297,12.123,59.26
2021-07-03,26928.0,28270.0,591.0,614.286,519.104,544.974,11.393,11.842,59.26
2021-07-04,26265.0,27397.0,582.0,602.571,506.323,528.145,11.219,11.616,59.26
2021-07-05,25366.0,26952.429,570.0,591.429,488.992,519.575,10.988,11.401,59.26
2021-07-06,26721.0,27072.571,553.0,583.571,515.113,521.891,10.66,11.25,59.26
2021-07-07,24229.0,26547.0,559.0,576.286,467.074,511.759,10.776,11.109,59.26
2021-07-08,23275.0,25827.0,577.0,574.0,448.683,497.879,11.123,11.065,59.26
2021-07-09,21536.0,24902.857,576.0,572.571,415.16,480.064,11.104,11.038,59.26
2021-07-10,20915.0,24043.857,567.0,569.143,403.188,463.505,10.93,10.972,53.7
2021-07-11,19423.0,23066.429,528.0,561.429,374.426,444.662,10.179,10.823,53.7
2021-07-12,18650.0,22107.0,509.0,552.714,359.525,426.167,9.812,10.655,53.7
2021-07-13,17532.0,20794.286,504.0,545.714,337.973,400.861,9.716,10.52,53.7
2021-07-14,17230.0,19794.429,498.0,537.0,332.151,381.586,9.6,10.352,53.7
2021-07-15,18070.0,19050.857,496.0,525.429,348.344,367.252,9.562,10.129,53.7
2021-07-16,17893.0,18530.429,500.0,514.571,344.932,357.22,9.639,9.92,53.7
2021-07-17,19925.0,18389.0,498.0,504.714,384.104,354.493,9.6,9.73,53.7
2021-07-18,18206.0,18215.143,476.0,497.286,350.966,351.142,9.176,9.586,53.7
2021-07-19,16455.0,17901.571,446.0,488.286,317.211,345.097,8.598,9.413,53.7
2021-07-20,12829.0,17229.714,378.0,470.286,247.311,332.145,7.287,9.066,53.7
2021-07-21,11244.0,16374.571,351.0,449.286,216.756,315.66,6.766,8.661,53.7
2021-07-22,12576.0,15589.714,354.0,429.0,242.433,300.53,6.824,8.27,53.7
2021-07-23,13164.0,14914.143,352.0,407.857,253.769,287.507,6.786,7.862,53.7
2021-07-24,11064.0,13648.286,350.0,386.714,213.286,263.104,6.747,7.455,53.7
2021-07-25,11048.0,12625.714,330.0,365.857,212.977,243.392,6.362,7.053,53.7
2021-07-26,8503.0,11489.714,314.0,347.0,163.916,221.493,6.053,6.689,46.3
2021-07-27,11426.0,11289.286,300.0,335.857,220.264,217.629,5.783,6.474,46.3
2021-07-28,9364.0,11020.714,319.0,331.286,180.514,212.451,6.15,6.386,46.3
2021-07-29,9690.0,10608.429,325.0,327.143,186.799,204.504,6.265,6.306,46.3
2021-07-30,9462.0,10079.571,306.0,320.571,182.403,194.309,5.899,6.18,46.3
2021-07-31,9029.0,9788.857,291.0,312.143,174.056,188.704,5.61,6.017,46.3
2021-08-01,9094.0,9509.714,275.0,304.286,175.309,183.323,5.301,5.866,46.3
2021-08-02,6636.0,9243.0,218.0,290.571,127.925,178.182,4.202,5.601,46.3
2021-08-03,6929.0,8600.571,0.0,247.714,133.574,165.797,0.0,4.775,46.3
2021-08-04,7084.0,8274.857,479.0,270.571,136.562,159.518,9.234,5.216,46.3
2021-08-05,6540.0,7824.857,204.0,253.286,126.075,150.843,3.933,4.883,46.3
2021-08-06,6980.0,7470.286,188.0,236.429,134.557,144.008,3.624,4.558,46.3
2021-08-07,6051.0,7044.857,190.0,222.0,116.648,135.807,3.663,4.28,46.3
2021-08-08,4350.0,6367.143,181.0,208.571,83.857,122.742,3.489,4.021,46.3
2021-08-09,4023.0,5993.857,143.0,197.857,77.553,115.546,2.757,3.814,46.3
2021-08-10,3948.0,5568.0,167.0,221.714,76.107,107.337,3.219,4.274,46.3
2021-08-11,5368.0,5322.857,185.0,179.714,103.481,102.611,3.566,3.464,46.3
2021-08-12,4272.0,4998.857,144.0,171.143,82.353,96.365,2.776,3.299,46.3
2021-08-13,4027.0,4577.0,124.0,162.0,77.63,88.233,2.39,3.123,46.3
2021-08-14,4007.0,4285.0,135.0,154.143,77.245,82.604,2.602,2.971,46.3
2021-08-15,3132.0,4111.0,103.0,143.0,60.377,79.25,1.986,2.757,46.3
2021-08-16,3161.0,3987.857,121.0,139.857,60.936,76.876,2.333,2.696,46.3
2021-08-17,3247.0,3887.714,108.0,131.429,62.594,74.945,2.082,2.534,46.3
2021-08-18,3154.0,3571.429,93.0,118.286,60.801,68.848,1.793,2.28,46.3
2021-08-19,3193.0,3417.286,120.0,114.857,61.553,65.877,2.313,2.214,46.3
2021-08-20,3416.0,3330.0,122.0,114.571,65.852,64.194,2.352,2.209,46.3
2021-08-21,2965.0,3181.143,98.0,109.286,57.158,61.324,1.889,2.107,46.3
2021-08-22,2640.0,3110.857,95.0,108.143,50.893,59.969,1.831,2.085,46.3
2021-08-23,2698.0,3044.714,99.0,105.0,52.011,58.694,1.908,2.024,46.3
2021-08-24,2467.0,2933.286,73.0,100.0,47.558,56.546,1.407,1.928,46.3
2021-08-25,2448.0,2832.429,86.0,99.0,47.191,54.602,1.658,1.908,46.3
2021-08-26,1935.0,2652.714,93.0,95.143,37.302,51.138,1.793,1.834,46.3
2021-08-27,2078.0,2461.571,81.0,89.286,40.059,47.453,1.561,1.721,46.3
2021-08-28,2141.0,2343.857,95.0,88.857,41.273,45.184,1.831,1.713,46.3
2021-08-29,1954.0,2245.857,68.0,85.0,37.668,43.294,1.311,1.639,46.3
2021-08-30,2006.0,2147.0,72.0,81.143,38.671,41.389,1.388,1.564,46.3
2021-08-31,1822.0,2054.857,62.0,79.571,35.124,39.612,1.195,1.534,46.3
2021-09-01,1996.0,1990.286,71.0,77.429,38.478,38.368,1.369,1.493,46.3
2021-09-02,1949.0,1992.286,81.0,75.714,37.572,38.406,1.561,1.46,46.3
2021-09-03,1850.0,1959.714,61.0,72.857,35.663,37.778,1.176,1.405,46.3
2021-09-04,2099.0,1953.714,72.0,69.571,40.463,37.663,1.388,1.341,46.3
2021-09-05,1669.0,1913.0,48.0,66.714,32.174,36.878,0.925,1.286,46.3
2021-09-06,1124.0,1787.0,53.0,64.0,21.668,34.449,1.022,1.234,46.3
2021-09-07,1637.0,1760.571,47.0,61.857,31.557,33.939,0.906,1.192,46.3
2021-09-08,1787.0,1730.714,49.0,58.714,34.449,33.364,0.945,1.132,46.3
2021-09-09,1803.0,1709.857,53.0,54.714,34.757,32.962,1.022,1.055,46.3
2021-09-10,1772.0,1698.714,49.0,53.0,34.16,32.747,0.945,1.022,46.3
2021-09-11,1806.0,1656.857,63.0,51.714,34.815,31.94,1.214,0.997,46.3
2021-09-12,1671.0,1657.143,55.0,52.714,32.213,31.946,1.06,1.016,46.3
2021-09-13,1314.0,1684.286,40.0,50.857,25.331,32.469,0.771,0.98,46.3
2021-09-14,1435.0,1655.429,26.0,47.857,27.663,31.912,0.501,0.923,46.3
2021-09-15,1570.0,1624.429,40.0,46.571,30.266,31.315,0.771,0.898,46.3
2021-09-16,1484.0,1578.857,29.0,43.143,28.608,30.436,0.559,0.832,46.3
2021-09-17,1544.0,1546.286,44.0,42.429,29.764,29.808,0.848,0.818,46.3
2021-09-18,1655.0,1524.714,34.0,38.286,31.904,29.393,0.655,0.738,46.3
2021-09-19,1813.0,1545.0,35.0,35.429,34.95,29.784,0.675,0.683,46.3
2021-09-20,1185.0,1526.571,29.0,33.857,22.844,29.428,0.559,0.653,46.3
2021-09-21,1373.0,1517.714,38.0,35.571,26.468,29.258,0.733,0.686,46.3
2021-09-22,1581.0,1519.286,44.0,36.143,30.478,29.288,0.848,0.697,46.3
2021-09-23,1608.0,1537.0,26.0,35.714,30.998,29.629,0.501,0.688,46.3
2021-09-24,1702.0,1559.571,36.0,34.571,32.81,30.065,0.694,0.666,46.3
2021-09-25,1740.0,1571.714,34.0,34.571,33.543,30.299,0.655,0.666,46.3
2021-09-26,1422.0,1515.857,43.0,35.714,27.413,29.222,0.829,0.688,46.3
2021-09-27,1015.0,1491.571,33.0,36.286,19.567,28.754,0.636,0.699,46.3
2021-09-28,1686.0,1536.286,41.0,36.714,32.502,29.616,0.79,0.708,46.3
2021-09-29,1472.0,1520.714,42.0,36.429,28.376,29.316,0.81,0.702,46.3
2021-09-30,1429.0,1495.143,38.0,38.143,27.548,28.823,0.733,0.735,46.3
2021-10-01,1867.0,1518.714,37.0,38.286,35.991,29.277,0.713,0.738,46.3
2021-10-02,1497.0,1484.0,36.0,38.571,28.858,28.608,0.694,0.744,46.3
2021-10-03,1413.0,1482.714,29.0,36.571,27.239,28.583,0.559,0.705,46.3
2021-10-04,1189.0,1507.571,24.0,35.286,22.921,29.062,0.463,0.68,46.3
2021-10-05,1211.0,1439.714,30.0,33.714,23.345,27.754,0.578,0.65,46.3
2021-10-06,1393.0,1428.429,32.0,32.286,26.854,27.536,0.617,0.622,46.3
2021-10-07,1677.0,1463.857,30.0,31.143,32.328,28.219,0.578,0.6,46.3
2021-10-08,1607.0,1426.714,35.0,30.857,30.979,27.503,0.675,0.595,46.3
2021-10-09,1587.0,1439.571,33.0,30.429,30.593,27.751,0.636,0.587,46.3
2021-10-10,1518.0,1454.571,38.0,31.714,29.263,28.04,0.733,0.611,46.3
2021-10-11,1089.0,1440.286,32.0,32.857,20.993,27.765,0.617,0.633,46.3
2021-10-12,1075.0,1420.857,37.0,33.857,20.723,27.391,0.713,0.653,46.3
2021-10-13,1256.0,1401.286,34.0,34.143,24.213,27.013,0.655,0.658,46.3
2021-10-14,1387.0,1359.857,33.0,34.571,26.738,26.215,0.636,0.666,46.3
2021-10-15,1646.0,1365.429,37.0,34.857,31.731,26.322,0.713,0.672,46.3
2021-10-16,1544.0,1359.286,34.0,35.0,29.764,26.204,0.655,0.675,46.3
2021-10-17,1299.0,1328.0,35.0,34.571,25.041,25.6,0.675,0.666,46.3
2021-10-18,1043.0,1321.429,21.0,33.0,20.106,25.474,0.405,0.636,46.3
2021-10-19,952.0,1303.857,24.0,31.143,18.352,25.135,0.463,0.6,46.3
2021-10-20,1224.0,1299.286,21.0,29.286,23.596,25.047,0.405,0.565,46.3
2021-10-21,1498.0,1315.143,28.0,28.571,28.878,25.353,0.54,0.551,46.3
2021-10-22,1772.0,1333.143,35.0,28.286,34.16,25.7,0.675,0.545,46.3
2021-10-23,1660.0,1349.714,38.0,28.857,32.001,26.019,0.733,0.556,46.3
2021-10-24,1369.0,1359.714,35.0,28.857,26.391,26.212,0.675,0.556,46.3
2021-10-25,1536.0,1430.143,32.0,30.429,29.61,27.57,0.617,0.587,46.3
2021-10-26,1428.0,1498.143,34.0,31.857,27.528,28.88,0.655,0.614,46.3
2021-10-27,1680.0,1563.286,26.0,32.571,32.386,30.136,0.501,0.628,46.3
2021-10-28,1750.0,1599.286,36.0,33.714,33.736,30.83,0.694,0.65,46.3
2021-10-29,1604.0,1575.286,30.0,33.0,30.921,30.368,0.578,0.636,46.3
2021-10-30,1629.0,1570.857,33.0,32.286,31.403,30.282,0.636,0.622,46.3
2021-10-31,1710.0,1619.571,23.0,30.571,32.964,31.221,0.443,0.589,46.3
2021-11-01,1590.0,1627.286,30.0,30.286,30.651,31.37,0.578,0.584,46.3
2021-11-02,1425.0,1626.857,37.0,30.714,27.47,31.362,0.713,0.592,46.3
2021-11-03,1697.0,1629.286,32.0,31.571,32.714,31.409,0.617,0.609,46.3
2021-11-04,1908.0,1651.857,37.0,31.714,36.781,31.844,0.713,0.611,46.3
2021-11-05,1975.0,1704.857,39.0,33.0,38.073,32.865,0.752,0.636,46.3
2021-11-06,1999.0,1757.714,32.0,32.857,38.536,33.884,0.617,0.633,46.3
2021-11-07,2061.0,1807.857,45.0,36.0,39.731,34.851,0.867,0.694,46.3
2021-11-08,1917.0,1854.571,38.0,37.143,36.955,35.751,0.733,0.716,46.3
2021-11-09,2199.0,1965.143,39.0,37.429,42.391,37.883,0.752,0.722,46.3
2021-11-10,2461.0,2074.286,30.0,37.143,47.442,39.987,0.578,0.716,46.3
2021-11-11,2644.0,2179.429,40.0,37.571,50.97,42.014,0.771,0.724,46.3
2021-11-12,2559.0,2262.857,41.0,37.857,49.331,43.622,0.79,0.73,46.3
2021-11-13,2513.0,2336.286,45.0,39.714,48.444,45.038,0.867,0.766,46.3
2021-11-14,2610.0,2414.714,43.0,39.429,50.314,46.55,0.829,0.76,46.3
2021-11-15,2321.0,2472.429,24.0,37.429,44.743,47.662,0.463,0.722,46.3
2021-11-16,2021.0,2447.0,32.0,36.429,38.96,47.172,0.617,0.702,51.43
2021-11-17,2257.0,2417.857,47.0,38.857,43.509,46.61,0.906,0.749,51.41
2021-11-18,2121.0,2343.143,51.0,40.429,40.888,45.17,0.983,0.779,51.38
2021-11-19,2157.0,2285.714,50.0,41.714,41.582,44.063,0.964,0.804,51.36
2021-11-20,2590.0,2296.714,41.0,41.143,49.929,44.275,0.79,0.793,51.34
2021-11-21,2649.0,2302.286,39.0,40.571,51.066,44.382,0.752,0.782,51.33
2021-11-22,2194.0,2284.143,45.0,43.571,42.295,44.032,0.867,0.84,51.3
2021-11-23,2478.0,2349.429,50.0,46.143,47.77,45.291,0.964,0.89,51.28
2021-11-24,2520.0,2387.0,48.0,46.286,48.579,46.015,0.925,0.892,51.26
2021-11-25,2644.0,2461.714,54.0,46.714,50.97,47.456,1.041,0.901,51.26
2021-11-26,2660.0,2533.571,53.0,47.143,51.278,48.841,1.022,0.909,51.22
2021-11-27,2620.0,2537.857,51.0,48.571,50.507,48.923,0.983,0.936,46.73
2021-11-28,2196.0,2473.143,43.0,49.143,42.333,47.676,0.829,0.947,46.71
2021-11-29,1975.0,2441.857,36.0,47.857,38.073,47.073,0.694,0.923,46.68
2021-11-30,2296.0,2415.857,55.0,48.571,44.261,46.572,1.06,0.936,46.64
2021-12-01,2173.0,2366.286,58.0,50.0,41.89,45.616,1.118,0.964,46.55
2021-12-02,2262.0,2311.714,57.0,50.429,43.606,44.564,1.099,0.972,46.55
2021-12-03,2299.0,2260.143,42.0,48.857,44.319,43.57,0.81,0.942,46.51
2021-12-04,2609.0,2258.571,48.0,48.429,50.295,43.54,0.925,0.934,46.51
2021-12-05,2077.0,2241.571,47.0,49.0,40.039,43.212,0.906,0.945,46.46
2021-12-06,1698.0,2202.0,41.0,49.714,32.733,42.449,0.79,0.958,46.41
2021-12-07,1704.0,2117.429,53.0,49.429,32.849,40.819,1.022,0.953,46.38
2021-12-08,1915.0,2080.571,0.0,41.143,36.916,40.108,0.0,0.793,46.38
2021-12-09,1627.0,1989.857,95.0,46.571,31.364,38.359,1.831,0.898,46.32
2021-12-10,1687.0,1902.429,42.0,46.571,32.521,36.674,0.81,0.898,46.27
2021-12-11,1813.0,1788.714,45.0,46.143,34.95,34.482,0.867,0.89,46.23
2021-12-12,2026.0,1781.429,51.0,46.714,39.056,34.341,0.983,0.901,46.21
2021-12-13,2287.0,1865.571,56.0,48.857,44.088,35.963,1.08,0.942,46.16
2021-12-14,1859.0,1887.714,42.0,47.286,35.837,36.39,0.81,0.912,50.18
2021-12-15,2066.0,1909.286,51.0,54.571,39.827,36.806,0.983,1.052,50.11
2021-12-16,1720.0,1922.571,39.0,46.571,33.157,37.062,0.752,0.898,50.11
2021-12-17,1803.0,1939.143,50.0,47.714,34.757,37.382,0.964,0.92,49.96
2021-12-18,2016.0,1968.143,54.0,49.0,38.863,37.941,1.041,0.945,49.9
2021-12-19,2038.0,1969.857,59.0,50.143,39.287,37.974,1.137,0.967,49.87
2021-12-20,1699.0,1885.857,29.0,46.286,32.752,36.355,0.559,0.892,49.87
2021-12-21,1766.0,1872.571,47.0,47.0,34.044,36.098,0.906,0.906,49.87
2021-12-22,1931.0,1853.286,52.0,47.143,37.225,35.727,1.002,0.909,49.67
2021-12-23,2475.0,1961.143,54.0,49.286,47.712,37.806,1.041,0.95,49.67
2021-12-24,3060.0,2140.714,46.0,48.714,58.989,41.268,0.887,0.939,49.61
2021-12-25,3414.0,2340.429,43.0,47.143,65.813,45.118,0.829,0.909,49.61
2021-12-26,3022.0,2481.0,32.0,43.286,58.257,47.827,0.617,0.834,49.6
2021-12-27,3281.0,2707.0,37.0,44.429,63.249,52.184,0.713,0.856,49.55
2021-12-28,4306.0,3069.857,35.0,42.714,83.009,59.179,0.675,0.823,49.55
2021-12-29,6326.0,3697.714,33.0,40.0,121.949,71.283,0.636,0.771,49.45
2021-12-30,8436.0,4549.286,35.0,37.286,162.625,87.699,0.675,0.719,49.41
2021-12-31,10401.0,5598.0,41.0,36.571,200.505,107.915,0.79,0.705,49.4
2022-01-01,12415.0,6883.857,44.0,36.714,239.33,132.703,0.848,0.708,49.4
2022-01-02,11318.0,8069.0,40.0,37.857,218.182,155.55,0.771,0.73,49.39
2022-01-03,9848.0,9007.143,35.0,37.571,189.845,173.635,0.675,0.724,49.34
2022-01-04,12353.0,10156.714,39.0,38.143,238.135,195.796,0.752,0.735,49.28
2022-01-05,16259.0,11575.714,40.0,39.143,313.432,223.15,0.771,0.755,49.21
2022-01-06,23039.0,13661.857,51.0,41.429,444.134,263.366,0.983,0.799,49.14
2022-01-07,26190.0,15917.429,59.0,44.0,504.877,306.848,1.137,0.848,49.14
2022-01-08,31170.0,18596.714,38.0,43.143,600.879,358.498,0.733,0.832,49.03
2022-01-09,30630.0,21355.571,50.0,44.571,590.469,411.681,0.964,0.859,49.0
2022-01-10,27105.0,23820.857,57.0,47.714,522.516,459.206,1.099,0.92,48.98
2022-01-11,23074.0,25352.429,65.0,51.429,444.808,488.731,1.253,0.991,48.92
2022-01-12,29857.0,27295.0,69.0,55.571,575.567,526.179,1.33,1.071,48.85
2022-01-13,30283.0,28329.857,96.0,62.0,583.78,546.128,1.851,1.195,48.79
2022-01-14,34923.0,29577.429,106.0,68.714,673.227,570.178,2.043,1.325,48.73
2022-01-15,35575.0,30206.714,129.0,81.714,685.796,582.309,2.487,1.575,48.68
2022-01-16,32317.0,30447.714,136.0,94.0,622.99,586.955,2.622,1.812,48.68
2022-01-17,24272.0,30043.0,134.0,105.0,467.903,579.153,2.583,2.024,48.6
2022-01-18,28849.0,30868.0,138.0,115.429,556.136,595.057,2.66,2.225,48.54
2022-01-19,27603.0,30546.0,169.0,129.714,532.116,588.85,3.258,2.501,48.47
2022-01-20,30506.0,30577.857,190.0,143.143,588.078,589.464,3.663,2.759,48.47
2022-01-21,31039.0,30023.0,197.0,156.143,598.353,578.767,3.798,3.01,48.35
2022-01-22,28027.0,28944.714,199.0,166.143,540.29,557.981,3.836,3.203,48.35
2022-01-23,26087.0,28054.714,217.0,177.714,502.891,540.824,4.183,3.426,48.28
2022-01-24,21219.0,27618.571,237.0,192.429,409.049,532.416,4.569,3.71,48.23
2022-01-25,19512.0,26284.714,260.0,209.857,376.142,506.703,5.012,4.046,48.18
2022-01-26,17889.0,24897.0,282.0,226.0,344.855,479.951,5.436,4.357,48.18
2022-01-27,17663.0,23062.286,273.0,237.857,340.498,444.583,5.263,4.585,48.07
2022-01-28,20946.0,21620.429,268.0,248.0,403.786,416.787,5.166,4.781,48.02
2022-01-29,18450.0,20252.286,272.0,258.429,355.669,390.413,5.243,4.982,47.97
2022-01-30,16119.0,18828.286,247.0,262.714,310.734,362.962,4.762,5.064,47.95
2022-01-31,15284.0,17980.429,221.0,260.429,294.637,346.617,4.26,5.02,47.91
2022-02-01,14454.0,17257.857,251.0,259.143,278.637,332.688,4.839,4.996,47.86
2022-02-02,15110.0,16860.857,230.0,251.714,291.283,325.035,4.434,4.852,47.78
2022-02-03,13568.0,16275.857,262.0,250.143,261.557,313.757,5.051,4.822,47.78
2022-02-04,13390.0,15196.429,239.0,246.0,258.125,292.949,4.607,4.742,47.73
2022-02-05,12567.0,14356.0,236.0,240.857,242.26,276.747,4.549,4.643,47.69
2022-02-06,10356.0,13532.714,239.0,239.714,199.637,260.876,4.607,4.621,47.65
2022-02-07,9080.0,12646.429,235.0,241.714,175.039,243.791,4.53,4.66,47.61
2022-02-08,9730.0,11971.571,205.0,235.143,187.57,230.782,3.952,4.533,47.57
2022-02-09,8785.0,11068.0,207.0,231.857,169.353,213.363,3.99,4.47,47.53
2022-02-10,8269.0,10311.0,179.0,220.0,159.405,198.77,3.451,4.241,47.5
2022-02-11,5421.0,9172.571,181.0,211.714,104.503,176.824,3.489,4.081,47.46
2022-02-12,6572.0,8316.143,189.0,205.0,126.692,160.314,3.643,3.952,47.43
2022-02-13,5532.0,7627.0,162.0,194.0,106.643,147.029,3.123,3.74,47.41
2022-02-14,3162.0,6781.571,186.0,187.0,60.955,130.732,3.586,3.605,47.38
2022-02-15,3731.0,5924.571,138.0,177.429,71.924,114.211,2.66,3.42,47.35
2022-02-16,4142.0,5261.286,147.0,168.857,79.847,101.424,2.834,3.255,47.32
2022-02-17,4013.0,4653.286,147.0,164.286,77.36,89.704,2.834,3.167,47.29
2022-02-18,4020.0,4453.143,136.0,157.857,77.495,85.845,2.622,3.043,47.29
2022-02-19,4498.0,4156.857,127.0,149.0,86.71,80.134,2.448,2.872,47.25
2022-02-20,3381.0,3849.571,110.0,141.571,65.177,74.21,2.121,2.729,47.22
2022-02-21,2910.0,3813.571,99.0,129.143,56.097,73.516,1.908,2.49,47.2
2022-02-22,2174.0,3591.143,80.0,120.857,41.909,69.228,1.542,2.33,47.17
2022-02-23,2181.0,3311.0,79.0,111.143,42.044,63.828,1.523,2.143,47.15
2022-02-24,2249.0,3059.0,57.0,98.286,43.355,58.97,1.099,1.895,44.47
2022-02-25,2159.0,2793.143,80.0,90.286,41.62,53.845,1.542,1.74,44.47
2022-02-26,2078.0,2447.429,97.0,86.0,40.059,47.18,1.87,1.658,44.47
2022-02-27,1908.0,2237.0,95.0,83.857,36.781,43.124,1.831,1.617,44.47
2022-02-28,1882.0,2090.143,74.0,80.286,36.28,40.293,1.427,1.548,44.47
2022-03-01,1218.0,1953.571,87.0,81.286,23.48,37.66,1.677,1.567,39.77
2022-03-02,1222.0,1816.571,45.0,76.429,23.557,35.019,0.867,1.473,39.77
2022-03-03,1051.0,1645.429,40.0,74.0,20.261,31.72,0.771,1.427,39.77
2022-03-04,1351.0,1530.0,45.0,69.0,26.044,29.495,0.867,1.33,39.61
2022-03-05,1191.0,1403.286,53.0,62.714,22.959,27.052,1.022,1.209,39.61
2022-03-06,1088.0,1286.143,54.0,56.857,20.974,24.794,1.041,1.096,39.61
2022-03-07,952.0,1153.286,29.0,50.429,18.352,22.232,0.559,0.972,39.61
2022-03-08,760.0,1087.857,34.0,42.857,14.651,20.971,0.655,0.826,39.61
2022-03-09,739.0,1018.857,35.0,41.429,14.246,19.641,0.675,0.799,39.49
2022-03-10,719.0,971.429,31.0,40.143,13.861,18.727,0.598,0.774,39.49
2022-03-11,782.0,890.143,35.0,38.714,15.075,17.16,0.675,0.746,39.45
2022-03-12,677.0,816.714,28.0,35.143,13.051,15.744,0.54,0.677,39.45
2022-03-13,486.0,730.714,14.0,29.429,9.369,14.086,0.27,0.567,39.45
2022-03-14,469.0,661.714,18.0,27.857,9.041,12.756,0.347,0.537,39.45
2022-03-15,573.0,635.0,20.0,25.857,11.046,12.241,0.386,0.498,39.45
2022-03-16,626.0,618.857,26.0,24.571,12.068,11.93,0.501,0.474,39.36
2022-03-17,744.0,622.429,25.0,23.714,14.342,11.999,0.482,0.457,39.36
2022-03-18,665.0,605.714,29.0,22.857,12.82,11.677,0.559,0.441,39.32
2022-03-19,693.0,608.0,19.0,21.571,13.359,11.721,0.366,0.416,39.32
2022-03-20,542.0,616.0,18.0,22.143,10.448,11.875,0.347,0.427,39.32
2022-03-21,508.0,621.571,19.0,22.286,9.793,11.982,0.366,0.43,39.32
2022-03-22,294.0,581.714,18.0,22.0,5.668,11.214,0.347,0.424,39.32
2022-03-23,293.0,534.143,19.0,21.0,5.648,10.297,0.366,0.405,39.19
2022-03-24,351.0,478.0,23.0,20.714,6.766,9.215,0.443,0.399,39.19
2022-03-25,366.0,435.286,13.0,18.429,7.056,8.391,0.251,0.355,39.19
2022-03-26,348.0,386.0,14.0,17.714,6.709,7.441,0.27,0.341,39.14
2022-03-27,352.0,358.857,15.0,17.286,6.786,6.918,0.289,0.333,39.13
2022-03-28,296.0,328.571,12.0,16.286,5.706,6.334,0.231,0.314,39.12
2022-03-29,301.0,329.571,10.0,15.143,5.803,6.353,0.193,0.292,41.9
2022-03-30,311.0,332.143,0.0,12.429,5.995,6.403,0.0,0.24,41.88
2022-03-31,365.0,334.143,26.0,12.857,7.036,6.441,0.501,0.248,41.88
2022-04-01,354.0,332.429,15.0,13.143,6.824,6.408,0.289,0.253,41.88
2022-04-02,348.0,332.429,14.0,13.143,6.709,6.408,0.27,0.253,41.85
2022-04-03,308.0,326.143,10.0,12.429,5.937,6.287,0.193,0.24,41.84
2022-04-04,307.0,327.714,10.0,12.143,5.918,6.318,0.193,0.234,41.83
2022-04-05,251.0,320.571,8.0,11.857,4.839,6.18,0.154,0.229,41.82
2022-04-06,327.0,322.857,9.0,13.143,6.304,6.224,0.173,0.253,41.81
2022-04-07,312.0,315.286,6.0,10.286,6.015,6.078,0.116,0.198,41.8
2022-04-08,320.0,310.429,10.0,9.571,6.169,5.984,0.193,0.185,41.79
2022-04-09,294.0,302.714,10.0,9.0,5.668,5.836,0.193,0.173,41.79
2022-04-10,297.0,301.143,6.0,8.429,5.725,5.805,0.116,0.162,41.78
2022-04-11,301.0,300.286,6.0,7.857,5.803,5.789,0.116,0.151,41.77
2022-04-12,284.0,305.0,4.0,7.286,5.475,5.88,0.077,0.14,41.77
2022-04-13,293.0,300.143,5.0,6.714,5.648,5.786,0.096,0.129,41.77
2022-04-14,264.0,293.286,4.0,6.429,5.089,5.654,0.077,0.124,41.77
2022-04-15,205.0,276.857,3.0,5.429,3.952,5.337,0.058,0.105,41.75
2022-04-16,159.0,257.571,4.0,4.571,3.065,4.965,0.077,0.088,41.74
2022-04-17,122.0,232.571,4.0,4.286,2.352,4.483,0.077,0.083,41.74
2022-04-18,129.0,208.0,2.0,3.714,2.487,4.01,0.039,0.072,41.73
2022-04-19,207.0,197.0,3.0,3.571,3.99,3.798,0.058,0.069,41.73
2022-04-20,248.0,190.571,1.0,3.0,4.781,3.674,0.019,0.058,41.73
2022-04-21,274.0,192.0,4.0,3.0,5.282,3.701,0.077,0.058,41.73
2022-04-22,283.0,203.143,6.0,3.429,5.456,3.916,0.116,0.066,41.73
2022-04-23,291.0,222.0,6.0,3.714,5.61,4.28,0.116,0.072,41.73
2022-04-24,249.0,240.143,7.0,4.143,4.8,4.629,0.135,0.08,41.73
2022-04-25,208.0,251.429,2.0,4.143,4.01,4.847,0.039,0.08,41.73
2022-04-26,202.0,250.714,3.0,4.143,3.894,4.833,0.058,0.08,36.17
2022-04-27,206.0,244.714,2.0,4.286,3.971,4.717,0.039,0.083,36.17
2022-04-28,208.0,235.286,4.0,4.286,4.01,4.536,0.077,0.083,36.17
2022-04-29,236.0,228.571,4.0,4.0,4.549,4.406,0.077,0.077,36.1
2022-04-30,264.0,224.714,4.0,3.714,5.089,4.332,0.077,0.072,36.1
2022-05-01,0.0,189.143,0.0,2.714,0.0,3.646,0.0,0.052,22.09
2022-05-02,0.0,159.429,0.0,2.429,0.0,3.073,0.0,0.047,22.09
2022-05-03,0.0,130.571,0.0,2.0,0.0,2.517,0.0,0.039,22.09
2022-05-04,0.0,101.143,0.0,1.714,0.0,1.95,0.0,0.033,22.09
2022-05-05,978.0,211.143,12.0,2.857,18.853,4.07,0.231,0.055,22.09
2022-05-06,0.0,177.429,0.0,2.286,0.0,3.42,0.0,0.044,22.07
2022-05-07,0.0,139.714,0.0,1.714,0.0,2.693,0.0,0.033,22.07
2022-05-08,0.0,139.714,0.0,1.714,0.0,2.693,0.0,0.033,22.07
2022-05-09,0.0,139.714,0.0,1.714,0.0,2.693,0.0,0.033,22.07
2022-05-10,0.0,139.714,0.0,1.714,0.0,2.693,0.0,0.033,22.07
2022-05-11,0.0,139.714,0.0,1.714,0.0,2.693,0.0,0.033,22.07
2022-05-12,1671.0,238.714,12.0,1.714,32.213,4.602,0.231,0.033,22.07
2022-05-13,0.0,238.714,0.0,1.714,0.0,4.602,0.0,0.033,22.03
2022-05-14,0.0,238.714,0.0,1.714,0.0,4.602,0.0,0.033,22.03
2022-05-15,0.0,238.714,0.0,1.714,0.0,4.602,0.0,0.033,19.44
2022-05-16,0.0,238.714,0.0,1.714,0.0,4.602,0.0,0.033,17.59
2022-05-17,0.0,238.714,0.0,1.714,0.0,4.602,0.0,0.033,17.59
2022-05-18,0.0,238.714,0.0,1.714,0.0,4.602,0.0,0.033,17.59
2022-05-19,3795.0,542.143,12.0,1.714,73.158,10.451,0.231,0.033,17.59
2022-05-20,0.0,542.143,0.0,1.714,0.0,10.451,0.0,0.033,17.59
2022-05-21,0.0,542.143,0.0,1.714,0.0,10.451,0.0,0.033,17.59
2022-05-22,0.0,542.143,0.0,1.714,0.0,10.451,0.0,0.033,17.59
2022-05-23,0.0,542.143,0.0,1.714,0.0,10.451,0.0,0.033,17.59
2022-05-24,0.0,542.143,0.0,1.714,0.0,10.451,0.0,0.033,17.59
2022-05-25,0.0,542.143,0.0,1.714,0.0,10.451,0.0,0.033,17.59
2022-05-26,4344.0,620.571,21.0,3.0,83.741,11.963,0.405,0.058,17.59
2022-05-27,0.0,620.571,0.0,3.0,0.0,11.963,0.0,0.058,17.59
2022-05-28,0.0,620.571,0.0,3.0,0.0,11.963,0.0,0.058,17.59
2022-05-29,0.0,620.571,0.0,3.0,0.0,11.963,0.0,0.058,17.59
2022-05-30,0.0,620.571,0.0,3.0,0.0,11.963,0.0,0.058,19.44
2022-05-31,0.0,620.571,0.0,3.0,0.0,11.963,0.0,0.058,19.44
2022-06-01,0.0,620.571,0.0,3.0,0.0,11.963,0.0,0.058,19.44
2022-06-02,5650.0,807.143,13.0,1.857,108.918,15.56,0.251,0.036,19.44
2022-06-03,0.0,807.143,0.0,1.857,0.0,15.56,0.0,0.036,19.44
2022-06-04,0.0,807.143,0.0,1.857,0.0,15.56,0.0,0.036,19.44
2022-06-05,0.0,807.143,0.0,1.857,0.0,15.56,0.0,0.036,19.44
2022-06-06,0.0,807.143,0.0,1.857,0.0,15.56,0.0,0.036,19.44
2022-06-07,0.0,807.143,0.0,1.857,0.0,15.56,0.0,0.036,19.44
2022-06-08,0.0,807.143,0.0,1.857,0.0,15.56,0.0,0.036,19.44
2022-06-09,8742.0,1248.857,27.0,3.857,168.524,24.075,0.52,0.074,19.44
2022-06-10,0.0,1248.857,0.0,3.857,0.0,24.075,0.0,0.074,19.44
2022-06-11,0.0,1248.857,0.0,3.857,0.0,24.075,0.0,0.074,19.44
2022-06-12,0.0,1248.857,0.0,3.857,0.0,24.075,0.0,0.074,19.44
2022-06-13,0.0,1248.857,0.0,3.857,0.0,24.075,0.0,0.074,19.44
2022-06-14,0.0,1248.857,0.0,3.857,0.0,24.075,0.0,0.074,19.44
2022-06-15,0.0,1248.857,0.0,3.857,0.0,24.075,0.0,0.074,19.44
2022-06-16,13810.0,1972.857,24.0,3.429,266.222,38.032,0.463,0.066,19.44
2022-06-17,0.0,1972.857,0.0,3.429,0.0,38.032,0.0,0.066,19.44
2022-06-18,0.0,1972.857,0.0,3.429,0.0,38.032,0.0,0.066,19.44
2022-06-19,0.0,1972.857,0.0,3.429,0.0,38.032,0.0,0.066,19.44
2022-06-20,0.0,1972.857,0.0,3.429,0.0,38.032,0.0,0.066,19.44
2022-06-21,0.0,1972.857,0.0,3.429,0.0,38.032,0.0,0.066,19.44
2022-06-22,0.0,1972.857,0.0,3.429,0.0,38.032,0.0,0.066,19.44
2022-06-23,19697.0,2813.857,52.0,7.429,379.708,54.244,1.002,0.143,19.44
2022-06-24,0.0,2813.857,0.0,7.429,0.0,54.244,0.0,0.143,19.44
2022-06-25,0.0,2813.857,0.0,7.429,0.0,54.244,0.0,0.143,19.44
2022-06-26,0.0,2813.857,0.0,7.429,0.0,54.244,0.0,0.143,19.44
2022-06-27,0.0,2813.857,0.0,7.429,0.0,54.244,0.0,0.143,19.44
2022-06-28,0.0,2813.857,0.0,7.429,0.0,54.244,0.0,0.143,19.44
2022-06-29,0.0,2813.857,0.0,7.429,0.0,54.244,0.0,0.143,19.44
2022-06-30,23827.0,3403.857,100.0,14.286,459.324,65.618,1.928,0.275,19.44
2022-07-01,0.0,3403.857,0.0,14.286,0.0,65.618,0.0,0.275,19.44
2022-07-02,0.0,3403.857,0.0,14.286,0.0,65.618,0.0,0.275,19.44
2022-07-03,0.0,3403.857,0.0,14.286,0.0,65.618,0.0,0.275,19.44
2022-07-04,0.0,3403.857,0.0,14.286,0.0,65.618,0.0,0.275,19.44
2022-07-05,0.0,3403.857,0.0,14.286,0.0,65.618,0.0,0.275,19.44
2022-07-06,0.0,3403.857,0.0,14.286,0.0,65.618,0.0,0.275,19.44
2022-07-07,23667.0,3381.0,132.0,18.857,456.24,65.177,2.545,0.364,19.44
2022-07-08,0.0,3381.0,0.0,18.857,0.0,65.177,0.0,0.364,19.44
2022-07-09,0.0,3381.0,0.0,18.857,0.0,65.177,0.0,0.364,19.44
2022-07-10,0.0,3381.0,0.0,18.857,0.0,65.177,0.0,0.364,19.44
2022-07-11,0.0,3381.0,0.0,18.857,0.0,65.177,0.0,0.364,24.82
2022-07-12,0.0,3381.0,0.0,18.857,0.0,65.177,0.0,0.364,24.82
2022-07-13,0.0,3381.0,0.0,18.857,0.0,65.177,0.0,0.364,24.82
2022-07-14,24649.0,3521.286,163.0,23.286,475.17,67.881,3.142,0.449,24.82
2022-07-15,0.0,3521.286,0.0,23.286,0.0,67.881,0.0,0.449,24.82
2022-07-16,0.0,3521.286,0.0,23.286,0.0,67.881,0.0,0.449,24.82
2022-07-17,0.0,3521.286,0.0,23.286,0.0,67.881,0.0,0.449,24.82
2022-07-18,0.0,3521.286,0.0,23.286,0.0,67.881,0.0,0.449,24.82
2022-07-19,0.0,3521.286,0.0,23.286,0.0,67.881,0.0,0.449,24.82
2022-07-20,0.0,3521.286,0.0,23.286,0.0,67.881,0.0,0.449,24.82
2022-07-21,24137.0,3448.143,238.0,34.0,465.3,66.471,4.588,0.655,24.82
2022-07-22,0.0,3448.143,0.0,34.0,0.0,66.471,0.0,0.655,24.82
2022-07-23,0.0,3448.143,0.0,34.0,0.0,66.471,0.0,0.655,24.82
2022-07-24,0.0,3448.143,0.0,34.0,0.0,66.471,0.0,0.655,24.82
2022-07-25,0.0,3448.143,0.0,34.0,0.0,66.471,0.0,0.655,24.82
2022-07-26,0.0,3448.143,0.0,34.0,0.0,66.471,0.0,0.655,19.44
2022-07-27,0.0,3448.143,0.0,34.0,0.0,66.471,0.0,0.655,19.44
2022-07-28,18164.0,2594.857,242.0,34.571,350.156,50.022,4.665,0.666,19.44
2022-07-29,0.0,2594.857,0.0,34.571,0.0,50.022,0.0,0.666,19.44
2022-07-30,0.0,2594.857,0.0,34.571,0.0,50.022,0.0,0.666,19.44
2022-07-31,0.0,2594.857,0.0,34.571,0.0,50.022,0.0,0.666,19.44
2022-08-01,0.0,2594.857,0.0,34.571,0.0,50.022,0.0,0.666,19.44
2022-08-02,0.0,2594.857,0.0,34.571,0.0,50.022,0.0,0.666,19.44
2022-08-03,0.0,2594.857,0.0,34.571,0.0,50.022,0.0,0.666,19.44
2022-08-04,13200.0,1885.714,230.0,32.857,254.463,36.352,4.434,0.633,19.44
2022-08-05,0.0,1885.714,0.0,32.857,0.0,36.352,0.0,0.633,19.44
2022-08-06,0.0,1885.714,0.0,32.857,0.0,36.352,0.0,0.633,19.44
2022-08-07,0.0,1885.714,0.0,32.857,0.0,36.352,0.0,0.633,19.44
2022-08-08,0.0,1885.714,0.0,32.857,0.0,36.352,0.0,0.633,19.44
2022-08-09,0.0,1885.714,0.0,32.857,0.0,36.352,0.0,0.633,19.44
2022-08-10,0.0,1885.714,0.0,32.857,0.0,36.352,0.0,0.633,19.44
2022-08-11,7394.0,1056.286,212.0,30.286,142.538,20.363,4.087,0.584,19.44
2022-08-12,0.0,1056.286,0.0,30.286,0.0,20.363,0.0,0.584,19.44
2022-08-13,0.0,1056.286,0.0,30.286,0.0,20.363,0.0,0.584,19.44
2022-08-14,0.0,1056.286,0.0,30.286,0.0,20.363,0.0,0.584,19.44
2022-08-15,0.0,1056.286,0.0,30.286,0.0,20.363,0.0,0.584,19.44
2022-08-16,0.0,1056.286,0.0,30.286,0.0,20.363,0.0,0.584,19.44
2022-08-17,0.0,1056.286,0.0,30.286,0.0,20.363,0.0,0.584,19.44
2022-08-18,6738.0,962.571,119.0,17.0,129.892,18.556,2.294,0.328,19.44
2022-08-19,0.0,962.571,0.0,17.0,0.0,18.556,0.0,0.328,19.44
2022-08-20,0.0,962.571,0.0,17.0,0.0,18.556,0.0,0.328,19.44
2022-08-21,0.0,962.571,0.0,17.0,0.0,18.556,0.0,0.328,19.44
2022-08-22,0.0,962.571,0.0,17.0,0.0,18.556,0.0,0.328,19.44
2022-08-23,0.0,962.571,0.0,17.0,0.0,18.556,0.0,0.328,19.44
2022-08-24,0.0,962.571,0.0,17.0,0.0,18.556,0.0,0.328,19.44
2022-08-25,6465.0,923.571,113.0,16.143,124.629,17.804,2.178,0.311,19.44
2022-08-26,0.0,923.571,0.0,16.143,0.0,17.804,0.0,0.311,19.44
2022-08-27,0.0,923.571,0.0,16.143,0.0,17.804,0.0,0.311,19.44
2022-08-28,0.0,923.571,0.0,16.143,0.0,17.804,0.0,0.311,19.44
2022-08-29,0.0,923.571,0.0,16.143,0.0,17.804,0.0,0.311,19.44
2022-08-30,0.0,923.571,0.0,16.143,0.0,17.804,0.0,0.311,19.44
2022-08-31,0.0,923.571,0.0,16.143,0.0,17.804,0.0,0.311,19.44
2022-09-01,3214.0,459.143,127.0,18.143,61.958,8.851,2.448,0.35,19.44
2022-09-02,0.0,459.143,0.0,18.143,0.0,8.851,0.0,0.35,19.44
2022-09-03,0.0,459.143,0.0,18.143,0.0,8.851,0.0,0.35,19.44
2022-09-04,0.0,459.143,0.0,18.143,0.0,8.851,0.0,0.35,19.44
2022-09-05,0.0,459.143,0.0,18.143,0.0,8.851,0.0,0.35,19.44
2022-09-06,0.0,459.143,0.0,18.143,0.0,8.851,0.0,0.35,19.44
2022-09-07,0.0,459.143,0.0,18.143,0.0,8.851,0.0,0.35,19.44
2022-09-08,1508.0,215.429,62.0,8.857,29.07,4.153,1.195,0.171,19.44
2022-09-09,0.0,215.429,0.0,8.857,0.0,4.153,0.0,0.171,19.44
2022-09-10,0.0,215.429,0.0,8.857,0.0,4.153,0.0,0.171,19.44
2022-09-11,0.0,215.429,0.0,8.857,0.0,4.153,0.0,0.171,19.44
2022-09-12,0.0,215.429,0.0,8.857,0.0,4.153,0.0,0.171,19.44
2022-09-13,0.0,215.429,0.0,8.857,0.0,4.153,0.0,0.171,13.89
2022-09-14,0.0,215.429,0.0,8.857,0.0,4.153,0.0,0.171,13.89
2022-09-15,1245.0,177.857,38.0,5.429,24.0,3.429,0.733,0.105,13.89
2022-09-16,0.0,177.857,0.0,5.429,0.0,3.429,0.0,0.105,13.89
2022-09-17,0.0,177.857,0.0,5.429,0.0,3.429,0.0,0.105,13.89
2022-09-18,0.0,177.857,0.0,5.429,0.0,3.429,0.0,0.105,13.89
2022-09-19,0.0,177.857,0.0,5.429,0.0,3.429,0.0,0.105,13.89
2022-09-20,0.0,177.857,0.0,5.429,0.0,3.429,0.0,0.105,13.89
2022-09-21,0.0,177.857,0.0,5.429,0.0,3.429,0.0,0.105,13.89
2022-09-22,990.0,141.429,23.0,3.286,19.085,2.726,0.443,0.063,13.89
2022-09-23,0.0,141.429,0.0,3.286,0.0,2.726,0.0,0.063,13.89
2022-09-24,0.0,141.429,0.0,3.286,0.0,2.726,0.0,0.063,13.89
2022-09-25,0.0,141.429,0.0,3.286,0.0,2.726,0.0,0.063,13.89
2022-09-26,0.0,141.429,0.0,3.286,0.0,2.726,0.0,0.063,13.89
2022-09-27,0.0,141.429,0.0,3.286,0.0,2.726,0.0,0.063,13.89
2022-09-28,0.0,141.429,0.0,3.286,0.0,2.726,0.0,0.063,13.89
2022-09-29,820.0,117.143,25.0,3.571,15.808,2.258,0.482,0.069,13.89
2022-09-30,0.0,117.143,0.0,3.571,0.0,2.258,0.0,0.069,13.89
2022-10-01,0.0,117.143,0.0,3.571,0.0,2.258,0.0,0.069,13.89
2022-10-02,0.0,117.143,0.0,3.571,0.0,2.258,0.0,0.069,13.89
2022-10-03,0.0,117.143,0.0,3.571,0.0,2.258,0.0,0.069,13.89
2022-10-04,0.0,117.143,0.0,3.571,0.0,2.258,0.0,0.069,13.89
2022-10-05,0.0,117.143,0.0,3.571,0.0,2.258,0.0,0.069,13.89
2022-10-06,715.0,102.143,13.0,1.857,13.783,1.969,0.251,0.036,13.89
2022-10-07,0.0,102.143,0.0,1.857,0.0,1.969,0.0,0.036,13.89
2022-10-08,0.0,102.143,0.0,1.857,0.0,1.969,0.0,0.036,13.89
2022-10-09,0.0,102.143,0.0,1.857,0.0,1.969,0.0,0.036,13.89
2022-10-10,0.0,102.143,0.0,1.857,0.0,1.969,0.0,0.036,13.89
2022-10-11,0.0,102.143,0.0,1.857,0.0,1.969,0.0,0.036,
2022-10-12,0.0,102.143,0.0,1.857,0.0,1.969,0.0,0.036,
2022-10-13,471.0,67.286,13.0,1.857,9.08,1.297,0.251,0.036,
2022-10-14,0.0,67.286,0.0,1.857,0.0,1.297,0.0,0.036,
2022-10-15,0.0,67.286,0.0,1.857,0.0,1.297,0.0,0.036,
2022-10-16,0.0,67.286,0.0,1.857,0.0,1.297,0.0,0.036,
2022-10-17,0.0,67.286,0.0,1.857,0.0,1.297,0.0,0.036,
2022-10-18,0.0,67.286,0.0,1.857,0.0,1.297,0.0,0.036,
2022-10-19,0.0,67.286,0.0,1.857,0.0,1.297,0.0,0.036,
2022-10-20,610.0,87.143,7.0,1.0,11.759,1.68,0.135,0.019,
2022-10-21,0.0,87.143,0.0,1.0,0.0,1.68,0.0,0.019,
2022-10-22,0.0,87.143,0.0,1.0,0.0,1.68,0.0,0.019,
2022-10-23,0.0,87.143,0.0,1.0,0.0,1.68,0.0,0.019,
2022-10-24,0.0,87.143,0.0,1.0,0.0,1.68,0.0,0.019,
2022-10-25,0.0,87.143,0.0,1.0,0.0,1.68,0.0,0.019,
2022-10-26,0.0,87.143,0.0,1.0,0.0,1.68,0.0,0.019,
2022-10-27,548.0,78.286,10.0,1.429,10.564,1.509,0.193,0.028,
2022-10-28,0.0,78.286,0.0,1.429,0.0,1.509,0.0,0.028,
2022-10-29,0.0,78.286,0.0,1.429,0.0,1.509,0.0,0.028,
2022-10-30,0.0,78.286,0.0,1.429,0.0,1.509,0.0,0.028,
2022-10-31,0.0,78.286,0.0,1.429,0.0,1.509,0.0,0.028,
2022-11-01,0.0,78.286,0.0,1.429,0.0,1.509,0.0,0.028,
2022-11-02,0.0,78.286,0.0,1.429,0.0,1.509,0.0,0.028,
2022-11-03,616.0,88.0,13.0,1.857,11.875,1.696,0.251,0.036,
