0,0.14554302318276213,0.13889633522582925,0.13274073006140039,0.11903831872474659,0.10098379251576808,0.08063549417270947,0.06503322818354683,0.0534718076677497,0.04345256733428396,0.033901532643865105,0.026490838001998872,0.020593389204638605,0.015272174252794505,0.010794660563423644,0.007021032209975187,0.00384941829716416,0.0016577172960010294,0.0005098550705049218,0.00010277196462902349,1.0762772720526084e-05,5.50653488026916e-07
1,0.15151738747068602,0.1374010839042802,0.12050055089107668,0.10427203244099513,0.09023952618023143,0.07834915814713457,0.06814237194174688,0.058023067293084866,0.047528173548647634,0.03831294201869549,0.03063258620960933,0.024667213452520338,0.018978682009631768,0.013765553309277017,0.00900155690957256,0.005154822590621453,0.0024535126781379426,0.0008543133369560802,0.00018021630614299298,2.326840422993822e-05,1.9809567211861175e-06
2,0.05909959213880661,0.0598970174382166,0.05936790390478959,0.07251791134651542,0.08013441531930464,0.08828822555119975,0.0837248773480693,0.061894677049581,0.051816259010291424,0.0547984111574,0.06042408279022389,0.06735376326026786,0.062240136982373344,0.04767961526960212,0.035803576670940536,0.02828470267915784,0.017564521128356797,0.007170683150430732,0.0017641669295166153,0.00016521996785720622,1.0240907098587162e-05
3,0.11619049871697,0.10682754856411142,0.08798907167562343,0.06700798345819373,0.06910888638197099,0.08179230405896809,0.08474931262381619,0.08047262123062546,0.06821490914789909,0.05480299368848913,0.04634598259585891,0.03917624455353229,0.03174655120239374,0.026317823102917564,0.016237253658603523,0.010915188937269836,0.007122161571500483,0.003655985463086075,0.001104595652359179,0.0001990177038638233,2.3066011947020575e-05
4,0.17978828931047355,0.1579401348144349,0.13323979590267923,0.10773273508736002,0.08758701102708526,0.07332897932275456,0.06145624434608972,0.04974217246678683,0.03971269679912576,0.032024731764044606,0.02314537906028398,0.02045327218039379,0.014100414061486254,0.008931686926960242,0.005849871501340333,0.0030665640891293024,0.0013554010332780472,0.0004443796672625757,8.9663099206869e-05,9.901069253982105e-06,6.764705701478457e-07
5,0.07891006790920052,0.07759842602974465,0.07288074636654043,0.07537709704034357,0.08096215278512343,0.07706953817512534,0.07139986037360638,0.06994012989485708,0.06788804501893418,0.06706297996572806,0.06683026930969556,0.058939262518775515,0.04584399923840148,0.03338340138357063,0.024603862996890137,0.015676236010916243,0.008843004929234803,0.00459074657809558,0.001713596648966553,0.00042311028369544515,6.346654255431677e-05
6,0.08632651804292102,0.08567810290702414,0.08305178803750494,0.08162493005398032,0.07994586275586366,0.08051150824616972,0.07522939890733182,0.07031097712355844,0.06885327894332052,0.057973628547790465,0.05004588386325711,0.04550711397167038,0.0397777310740289,0.03382221696931028,0.026253896636178106,0.017494464411456117,0.010350877081588557,0.00514328310039763,0.00173657519434086,0.0003304436371367852,3.152049517019843e-05
7,0.07740500966100733,0.08153775398260946,0.07597361644545243,0.06545736062570895,0.06667422423151403,0.07981936463360996,0.0905659348504427,0.0777156829754611,0.06235349744250569,0.05245356581933449,0.05051203697658182,0.06117107337271398,0.06040981612875219,0.03916923229251793,0.024248303314733585,0.011440383369435054,0.015090974186850264,0.005605751976506495,0.0021359687231613765,0.00023174937775650813,2.869961334445921e-05
8,0.06135223727340943,0.05706725642747128,0.06806603214722957,0.07209430907152166,0.0751550096757632,0.07507602385371827,0.054144781011808384,0.053216697602780305,0.059792267288021804,0.06865842581256665,0.07383199715651041,0.08226373365980807,0.06931005884443743,0.05301923304766795,0.03743927964930295,0.02185932625093796,0.01184787330674144,0.0046404170451403975,0.001046562142095494,0.00011847873306741442,0.0
9,0.0794601882056226,0.080185439325976,0.08002727500968855,0.07866654332223183,0.07859356385281302,0.07949608682070199,0.08305665778218357,0.07307322107640117,0.06628002667841285,0.06661072545868635,0.06185786241152158,0.05135317784849253,0.04091484783324121,0.03390824913700379,0.021413059172863493,0.013065025916877582,0.007541170550048424,0.003317812917955522,0.0009730878210571421,0.00018195530142532912,2.4023556795590374e-05
10,0.06752691728435166,0.06622969022236659,0.06503428520804418,0.06122513264231364,0.06388266446170353,0.07163807105099962,0.07399108171160264,0.07257407790213508,0.06381541308606248,0.06548236521670653,0.06055254013721958,0.06043173965685261,0.05462890667296656,0.047391508923210195,0.041547175383161564,0.028807134630717893,0.018999931094902008,0.010769354949846932,0.004430637175284725,0.0009690812981720461,7.229129137997225e-05
11,0.051887394865994044,0.04955209720676506,0.049281582884935,0.05259465129442566,0.05929714477876951,0.07029002694106412,0.07113715796887665,0.07086506696074119,0.06406707133446898,0.06876717321092841,0.08046731180165465,0.0781221035427916,0.06411932722344865,0.04819141692518691,0.0421959546283739,0.037960524730212074,0.024126904327350707,0.011760728393034558,0.004467653266860238,0.0008023080885584153,4.639962555952654e-05
12,0.0860667163705233,0.09089369008487039,0.07388999546662918,0.06740901272029103,0.07462844524335673,0.08899543977645902,0.0919255453076453,0.08138387857516313,0.0646947161746564,0.05846488533099136,0.05868128665593612,0.06078744809132452,0.04554379125643873,0.027394512251948007,0.012758990527308427,0.007207585735203757,0.006346521704105149,0.0023853507360014404,0.0004916416962704733,4.778204437648776e-05,2.7642505011191266e-06
13,0.07271851925502243,0.07142595490154009,0.08194439356752996,0.08466034862606167,0.08748619781990968,0.08669600665644478,0.07245686655188835,0.06839601659924749,0.0692699366277153,0.07202775611874847,0.06352927632095368,0.05828575615014679,0.04163417812269419,0.02803870366784759,0.018540710544080633,0.012360473696053755,0.006787271119297934,0.0027107220044690285,0.0008529878122170881,0.00015699162188044565,2.093221625072609e-05
14,0.049622253683412776,0.05316163762160668,0.04192102675756083,0.04410553997641016,0.047993864462040896,0.1330617533899029,0.20011740395502298,0.14544278192851443,0.09203216068712208,0.06673487969729407,0.04723691790991881,0.031005730258052436,0.02513098901019015,0.01136692007262325,0.005580322660962457,0.0031032082538978655,0.001625663123345031,0.0005170499257592636,0.00021536174412116956,2.2717483557085398e-05,1.817398684566832e-06
15,0.08792062725437799,0.0898034723120022,0.0925716859709811,0.09578884750963222,0.09299246876389788,0.08716988656664447,0.08142004115633812,0.07532121290561988,0.0667016514277333,0.056671049130144424,0.05122238398230257,0.04179116355654447,0.028487634049598518,0.01789124380241979,0.014495687366720288,0.010270600064559904,0.00585716099672843,0.002607114167017019,0.0008188653666575434,0.0001741310992666412,2.3072550813299613e-05
16,0.05526156854850306,0.05662045957838428,0.06415547438957753,0.07007995168387449,0.06858445256104224,0.06763538581001409,0.06481694515544563,0.06667912915935693,0.06629087457939087,0.07008714158350349,0.06754191711483708,0.06796612119294813,0.06140174283167006,0.04989790342526818,0.03941502976618447,0.025711081073308217,0.018700928935032068,0.01091426763682379,0.005529032814701906,0.002041931494636335,0.0006686606654971096
17,0.06305452579882517,0.06976958276042897,0.05657973067489029,0.05182200075601787,0.04969078506066898,0.07585841326718142,0.09474453938487062,0.08199861480072022,0.07295822330803503,0.06854554302925855,0.06260446105087393,0.07807691424698146,0.06472908488880334,0.05127942269876555,0.02252892291095515,0.01703836029137829,0.012271992766232054,0.004707040808370842,0.0016011394366507732,0.00013501942438537184,5.682635706455045e-06
18,0.05681092763566194,0.060156310521583455,0.06016205531188556,0.05731455425214582,0.05879914733385155,0.06478695967418337,0.0653281885544628,0.0659129385733945,0.06640994997680326,0.06832731726126699,0.07054358772599441,0.07073455848240051,0.06357968328796983,0.05336283486252109,0.04528983772708244,0.029844533788506426,0.02302511953080732,0.013649447673229368,0.004944175435450754,0.0009658211089708385,5.205128182809674e-05
19,0.10105632556469675,0.09899828580963888,0.09784537901810769,0.10136983530625349,0.09916009728915202,0.09150944827342093,0.07912581348193018,0.06696466947477003,0.05601205495522371,0.051061635003868296,0.04339581616193283,0.036286224280823814,0.026193233246191102,0.018871263798221082,0.013106729840565124,0.008500159283175143,0.0056987980441037395,0.0030238520234019844,0.0015422656641097077,0.00023766061053493858,4.0452869878287415e-05
20,0.15997362513065203,0.14145357111238255,0.12459119613203817,0.1079930983996691,0.09303616237722669,0.07845169210114945,0.06472166320243239,0.05330703334253897,0.043782811672068926,0.03573804707042063,0.029078095248162936,0.022675648569401182,0.01698229078161317,0.012258500147334562,0.007674611281202883,0.005009540408651907,0.002284016115626581,0.0007832516936868127,0.00017937818206323886,2.3784952317777528e-05,1.9820793598147943e-06
21,0.07916125114914639,0.0767520062815939,0.0819972347331176,0.08681084745432066,0.09653073616086341,0.10635548066629763,0.10040064669204339,0.08379929136988004,0.06809774511262243,0.05219624128538578,0.0436517129292077,0.03301494560910245,0.027230807121415696,0.020690731478930077,0.01744020171329498,0.012870439687188326,0.007608141687007878,0.0036772684820538075,0.0013314247952263788,0.00033163694533111266,5.1208645970245334e-05
22,0.04275215687202052,0.05177924435877055,0.05782925403754119,0.052373041605020265,0.06943133021164453,0.05975069229663222,0.06896513090615078,0.07662349706742587,0.06958631502748958,0.07162663722162642,0.07108823615453418,0.08009478348496742,0.07188992467986921,0.06460750562208976,0.03869454235598083,0.02449880462514526,0.019791374254719104,0.005960379905751804,0.0023471796809304566,0.0002919191912904758,1.8050440399624305e-05
23,0.12074982069161674,0.11858495179084519,0.10941542394471417,0.1001405496800541,0.09024061999878849,0.08663865037191672,0.07880965570156762,0.07310075770411525,0.06063827639213095,0.04586080753297122,0.032966405905017905,0.024795913261270522,0.02076290120525081,0.016299724606904223,0.010954271753377006,0.00653937893018956,0.0025133899687384493,0.0008190684040632111,0.00015626385415139503,1.3168302316128796e-05,0.0
24,0.0709014265733039,0.07147779990312324,0.07299591941585769,0.07902760685003912,0.08316648518831903,0.08171532548379515,0.0820761213615835,0.08228714098883137,0.07377287533718208,0.06436145549844731,0.059088301181214865,0.0527449102382849,0.04235406556007723,0.03250305501132691,0.022515884234812503,0.014180379152229843,0.00882368067274413,0.004050402916019694,0.0015416267813111526,0.00036119803879863663,5.433961269769002e-05
25,0.04765300355262897,0.05127735490221008,0.05642743695320944,0.04824160129408518,0.04592010778510907,0.05980639105710791,0.07347898904633236,0.07359250009113484,0.08159191682811612,0.0802010360624293,0.0712434438480422,0.06825392450359664,0.06511799665749983,0.059497273512123604,0.0518114199224035,0.032449340139254046,0.020103606242929638,0.01007343838587887,0.0027713884593943135,0.0004667882390702645,2.1042517443802398e-05
26,0.16916501200176584,0.150021451044179,0.13271700237239642,0.11258557319861252,0.0933457913108766,0.07677290893488407,0.06341131632817483,0.0527688027425933,0.04199205856589836,0.031989773199129545,0.024869137141441792,0.01832381607804829,0.013029941559906909,0.008613544479393545,0.005609536614361734,0.0031441744737265636,0.0012585314694621094,0.00032839581135451015,4.9498727250811004e-05,3.7339465430979283e-06,0.0
27,0.17583795151888243,0.1552744266647502,0.12828007560852248,0.1032155995460234,0.08799050283192966,0.08285479122908594,0.07337847109696086,0.05574772571028754,0.037174246728399155,0.024164285820825696,0.0202869083083949,0.018390593410288775,0.01612359200144274,0.010981609067598845,0.005275545334604322,0.002920745291755877,0.0014539318194453292,0.0005278087766090877,0.00010932455392192089,1.1356193973284806e-05,5.0848629731126e-07
28,0.11115411304289022,0.10940990078437485,0.10279434148483345,0.08979562933755955,0.09480247534310887,0.09916735518762565,0.07376828255920057,0.09759429306784358,0.03589999735372728,0.046576850210182666,0.04183034353520475,0.0365478441208151,0.021661212404550413,0.017677714365242486,0.01075134053315535,0.006244346042303121,0.0028523389620534294,0.0011855546832656575,0.0002560513886561149,2.8912979771695274e-05,1.1026136353612605e-06
29,0.15649696940026325,0.1417356609042278,0.12598158856525252,0.10815989214491897,0.091426688483721,0.08036476407642497,0.07009149229028232,0.058016694189043906,0.04537814239958726,0.03527554073468742,0.027180082962550114,0.020538936475089583,0.015109126068806572,0.010948646445094272,0.007077010561437667,0.003965707808384,0.0017291459150452942,0.0004633550687933902,5.7768748011139506e-05,2.7114405846167173e-06,7.531779401713104e-08
30,0.054501137027418815,0.054012138898103586,0.054143730643601624,0.05430660545719778,0.06450040139486184,0.07417936131078832,0.07025109413331435,0.0705679820040147,0.06535449321483067,0.0635094861900202,0.06491412797807068,0.07371134312304742,0.06807745474124793,0.05591432026750975,0.046306734860196194,0.03033742258908708,0.019001687897691345,0.010961352171648168,0.004462908691130312,0.0009075292792968337,7.868812692256075e-05
31,0.15541289584727416,0.1464548241008303,0.13989019407345402,0.12490131752074524,0.10098319077108922,0.07464948401072327,0.057944263300309676,0.046739781507592594,0.03768856185480454,0.031974794093002544,0.02589762418537352,0.020104075032935927,0.015043595726390763,0.010282609912440966,0.006314425561456315,0.0036966770006541232,0.0015793373716918916,0.0003980715459461446,4.302347243699149e-05,1.2531108476793638e-06,0.0
32,0.17993614766523133,0.15431826413354843,0.13344625782148417,0.11327765156088226,0.09386695641675721,0.07598793683545585,0.06045740515135662,0.047665841074026515,0.037306421696135565,0.02871147793277456,0.021673453111337934,0.01712220600304628,0.013507280946614521,0.010093571230840337,0.006335966205578665,0.00379711640124534,0.0017880117119523132,0.0005780367967981152,0.00011621710281616112,1.2926561278607638e-05,8.536408391533347e-07
33,0.06279235988448142,0.06832310788762051,0.06743118180789077,0.06709985254097085,0.07554646784222957,0.08581555325144562,0.08331005470274844,0.07501165169284006,0.07034185053602032,0.06593441802380288,0.06315742680970446,0.05840190229468063,0.04959446379880304,0.03995323833247275,0.027940616204536785,0.018667428274852432,0.011408420983168412,0.006075324732918164,0.0025558928496216033,0.0005561408956754159,8.264665351605283e-05
34,0.06021874999238061,0.06274339437511553,0.06142917223379363,0.059740306006385344,0.0626807067127394,0.06979076009945394,0.09000131040092878,0.06955054792341006,0.06676537297106956,0.08286294536462536,0.08445410721019327,0.06767114799221627,0.05271578086552944,0.04947771027525816,0.029021659597175117,0.016535482538955034,0.00932428554364991,0.0038511266427319604,0.00099049188582244,0.0001576395791686835,1.7301789397575074e-05
35,0.07600380779108253,0.07579415834512862,0.07920042150825607,0.08672642836593027,0.08991823911756076,0.08945555343691408,0.08133465927202092,0.0740556449173978,0.06595216150259817,0.0569243873937524,0.05487688318275236,0.04962255895279982,0.038304410675327374,0.03088991266767753,0.021527531959332973,0.013862799446890488,0.008736154050957224,0.004484649001679597,0.0018094372189164478,0.0004662879048039422,5.3913288220678976e-05
36,0.14342316135989036,0.13241445972100954,0.11789045099429388,0.1037722299858886,0.09209785411247613,0.08235210975417927,0.07344073789532957,0.061784599672178225,0.048876902699856145,0.039206388648886474,0.0318885314816039,0.025514472715335353,0.019288594857438564,0.013033080817867422,0.007538988676698893,0.004502419908219025,0.0021406441994013484,0.0006839118847927632,0.00013678237695855262,1.3678237695855264e-05,0.0
37,0.1506820890941924,0.14098237081008375,0.12514700665075865,0.10445906268341824,0.0866510343246473,0.0723512140337029,0.06427917950518705,0.059107374891082684,0.05317886238436264,0.04392061749685673,0.0340351684164781,0.024635448899000906,0.016781067647363968,0.011186290165191584,0.006824881251999691,0.0037342047203191677,0.0015750842136803792,0.00041462949245432376,5.2236786450938416e-05,2.176532768789101e-06,0.0
38,0.06997787099481508,0.07188940526726903,0.07142772946662496,0.07298485389041427,0.08017953098453641,0.08471338380464867,0.08562023295178611,0.07819137817495429,0.06845807355065231,0.05863321959737155,0.058794314983128204,0.05724662053313929,0.04672001936287954,0.033782488224320215,0.0259104246788701,0.016712271067740217,0.010414227315805108,0.0054548469279502845,0.002233725043967253,0.0005752284018237569,8.015477730331039e-05
39,0.04790955553804087,0.05260113212199109,0.05474634364206998,0.05113040420514001,0.06117995727765282,0.06093087831406381,0.06607008970884537,0.07239406818195596,0.07390268843606704,0.06815164210232749,0.07007758329746192,0.07350911335972661,0.06950667208274475,0.06528091863151066,0.04489534641679954,0.030617008506071866,0.02388631894637072,0.00995153822680029,0.0028848699433939003,0.0003491147339553739,2.475632700986009e-05
40,0.05219199255690617,0.05737740483274734,0.0552116594243979,0.05879005624287361,0.06405015552680304,0.06623652877548161,0.07527934719287102,0.06258575668964418,0.055602877085812526,0.08426917339975973,0.08704308444539917,0.0836588738479529,0.051968820663690095,0.04735263008520721,0.037384048419943,0.028865283842639457,0.017755057910883464,0.009013477092783315,0.003923024012940058,0.0012289569354711363,0.00021179101579310136
41,0.05531934636147629,0.05759766964809433,0.05785615578097608,0.06369032035710853,0.0822068750683497,0.08598309235576972,0.08266088276328304,0.07506371020390579,0.07011104961939574,0.06464804461868325,0.06117173752390168,0.060011863850714324,0.052186030481480135,0.044825803543911164,0.035836782576709074,0.02466554214152447,0.016514944143797824,0.007093455992735876,0.0021739346560311775,0.0003529329891270128,2.982532302481798e-05
42,0.05446274098050229,0.05405951838607784,0.055827932059837757,0.04740729389085525,0.04574509124855239,0.06135773354762671,0.0697749577905981,0.07439893091010333,0.0905392144404518,0.08428016042417649,0.06699374606687272,0.062441086068488645,0.059385432625980485,0.06014294487533668,0.051349619783473625,0.03273405023250732,0.016683097766116477,0.009056387057275433,0.0028601113470934775,0.00048515681869132056,1.4793679381517986e-05
43,0.05500248145335023,0.052996480816403346,0.06019842597020657,0.05999108830049443,0.06660227738029373,0.07124184845179189,0.06280212866674237,0.05532546978305254,0.06273822559936039,0.06520057748924152,0.07429044152504669,0.06722151199519615,0.05924196375515261,0.052013623856126394,0.059615657779625394,0.037859441730300564,0.022255979712165298,0.010523168161269112,0.003997414704165263,0.0008064289264180488,7.536394359720783e-05
44,0.09672192110490892,0.0954579348854416,0.093679490860185,0.09592229567643494,0.09424019206424748,0.09033455171842394,0.08703007555015192,0.07509735198740637,0.06807606268292636,0.05642657993460412,0.042006346906412986,0.03594075449957899,0.025959887705614526,0.016967473549739587,0.013152393192201049,0.007701452620748256,0.0036455212305368276,0.001310229617740509,0.0002948016639916145,3.2755740443512724e-05,1.9268082613831013e-06
45,0.09445709520826634,0.09380134310138816,0.09195977413926305,0.09017246667993056,0.08807583174209321,0.0846209981680283,0.07560749812760902,0.06872883755250353,0.061219894555504153,0.05511012316622881,0.04874288648309052,0.04241274694982065,0.03481705937352695,0.02603961532654904,0.017790021272723847,0.011735987889718478,0.007853152870156652,0.004256944088135445,0.0018179449064874974,0.0006057355515829408,0.00017404284739266094
46,0.09661114162823,0.09326690108498271,0.09000380447168782,0.09014206647523798,0.09019227144865824,0.08408256417538554,0.07753087180879677,0.06962341850083867,0.0617554038627457,0.05524281017748873,0.048072452009768535,0.040209423870164254,0.033026486126711226,0.026408722655147245,0.01755428795238165,0.012643153588573298,0.007687480726900015,0.003984098962955642,0.0015493277463395412,0.00037058750131887207,4.272522568722164e-05
47,0.1262717139333602,0.12291006250292293,0.09643562865049905,0.08656660051043208,0.08338565474383215,0.07922785783115835,0.07864158467668578,0.0700372834293003,0.0592071479524673,0.046936163804626514,0.04002733929893474,0.034876425216074106,0.0280798575521796,0.020123895655911654,0.014658240775916813,0.00705989931466463,0.0037262927533876166,0.0014441366901507306,0.0003351458571094188,4.5606759641274787e-05,3.4620907446090694e-06
48,0.09710633297589534,0.09617760892418188,0.09713300909227435,0.09743171572876516,0.10237305461951297,0.09086478041274869,0.07060805737275164,0.058684821355647315,0.05430499824793903,0.048572926574154345,0.04255169897221206,0.036970133288368165,0.030592894799935717,0.02519180457011274,0.019136984821619116,0.015046976311608657,0.010456378951029239,0.005053642047355706,0.001482006465500207,0.00024304906034203395,1.7125408045780168e-05
49,0.1293062354237679,0.11171736846151874,0.09400164022655629,0.07839129654783565,0.10298700633024935,0.11810143776109074,0.11672005945821265,0.08445885337912297,0.053620031266818725,0.03471642020554088,0.026184679258822622,0.016613701017453034,0.012700222968297493,0.009564571106384069,0.005617775955303826,0.0033227402034906066,0.001432635382762244,0.00047412798892847066,6.535277685230271e-05,3.844280991311925e-06,0.0
50,0.1422099431351502,0.1370798425696521,0.139756563535837,0.10715209940884858,0.08062679601338472,0.08122593595222181,0.07610427397741157,0.05388940270529965,0.038739319557052745,0.038298262550434635,0.02391946659105689,0.02296084268891754,0.01856377436783704,0.015168085475047648,0.011812901817559918,0.007296005508712,0.0036049659418479836,0.001239347685688375,0.0002981635376372396,5.0068971414555324e-05,3.938008987661655e-06
51,0.057017515943836944,0.0605881716460659,0.06163359089578267,0.05088184375676259,0.04704386623725447,0.0736264750435989,0.08546501266596228,0.07563297987448601,0.07268289267665515,0.07799750499637205,0.05959367083773564,0.06726485227287192,0.06142673472764997,0.05483916137327035,0.03266258894815229,0.02885007064933742,0.019648153570019217,0.00922260269613147,0.0034179003780694267,0.00047736038799852325,2.7050421986582986e-05
52,0.12717892241107195,0.12619161189402286,0.12993918307507774,0.1146297322512083,0.10304154771007094,0.09075189921365892,0.06678462952181204,0.05969107527409705,0.046042340364340385,0.038178929425711466,0.029151088321326617,0.021264879804151267,0.017494511044549983,0.012985851472022114,0.008915606871540907,0.00506632341697122,0.0020658113482838686,0.0005401272455614869,7.891469496839907e-05,7.014639552746584e-06,0.0
53,0.14813586317814598,0.1342304040199708,0.12168738074687174,0.11376142306856764,0.10311212360694044,0.08501404849554045,0.06539561851760445,0.0537433605308776,0.0425183861385975,0.03601519450783409,0.02725791500871005,0.020150656759886035,0.016457685823637547,0.012791854767391144,0.009386364879082792,0.0059149116949846064,0.002935331890219619,0.001171535255721216,0.00028296063230878396,3.383357237928686e-05,3.146904727980946e-06
54,0.0585777193752484,0.06318343978059586,0.06472868333618505,0.06286788884617034,0.059164280697877866,0.057680260608097174,0.0611585385445878,0.06316564888722236,0.06152863344570826,0.0686671186144503,0.06794826522170001,0.06582025911074973,0.0602355014111629,0.05653360270814119,0.05151115753345408,0.031080405815976,0.023436716256935324,0.015059927927888002,0.006152958313752534,0.0014042459771450334,9.474758695180425e-05
55,0.07227560610427314,0.07123526475984283,0.08117474219919725,0.0793471155130359,0.07595897681022908,0.06717231004983797,0.0784192435031386,0.071172000759168,0.06788930205748589,0.07285201144375479,0.06982236874477193,0.059053429963236585,0.046660715164380966,0.03660876839049353,0.021010677557447226,0.016750901512009617,0.0076268267480194855,0.0039012800416136544,0.0009067840096723628,0.0001476160015745707,1.405866681662578e-05
56,0.14289749605862714,0.12453061029929716,0.10202726918031801,0.085846013696381,0.07970135604411513,0.08396051035702747,0.08465609866761295,0.0749196277719812,0.062307234648065854,0.04990404765309563,0.0366101898391143,0.024363245396141073,0.017547715769198856,0.012857791030441698,0.008935838157432466,0.005336080377524376,0.0026314070480397294,0.0008394726946279043,0.00012269895326317426,5.296357694813277e-06,0.0
57,0.17253575183139494,0.1486425150599897,0.12607589233567512,0.10740817995227532,0.09440819663924445,0.0825337493950974,0.0654946852003271,0.04903716188028771,0.03879052847631286,0.030471240008677236,0.025561933685984625,0.01998681729437483,0.014259849483538312,0.010315884325929886,0.007737747592904703,0.004455420761927013,0.0017788309109416465,0.0004447077277354116,5.75700435529895e-05,3.3373938291588114e-06,0.0
58,0.07272040634811099,0.07772822498312931,0.07017625985744995,0.06069133249212219,0.06479552415361238,0.07122821209671437,0.07574056122703916,0.07133077744004267,0.06750061933688087,0.0644678410310815,0.060607702289100666,0.06651756996928826,0.057631729404221586,0.045950325763309686,0.030663881798438587,0.018342891196053916,0.01611801221000964,0.005904081942871629,0.0017146821500010254,0.000160422716487826,8.94159403374768e-06
59,0.05027881675716368,0.047574590354900075,0.04779177741617225,0.051917752092909414,0.05752610391692217,0.06088959385681507,0.06815844277818735,0.06699007538431305,0.06161404973079067,0.06296299989634419,0.08095760588243489,0.0819300099423142,0.06892776063769308,0.05531886042540511,0.04324705063230409,0.03940234466893654,0.03281634925282701,0.014796149238392946,0.005711790331015537,0.0011017504842522963,8.612631990637608e-05
60,0.13518159588454576,0.12603670641502895,0.1127907373200468,0.10177327630306515,0.09285397414945867,0.08244832269513158,0.07355606816229003,0.062162861089705465,0.05222393982374221,0.04483320919575931,0.0376876214404839,0.029581208227378298,0.020407810819543543,0.012685080170481278,0.008757587857624625,0.004433143138612263,0.001902476311268337,0.0005746032110859182,0.00010069841909196311,8.761905318216211e-06,3.1746033761652933e-07
61,0.04127876905899459,0.04761205717317204,0.05461503186386716,0.05265308085145977,0.05286536328639794,0.05410250465907168,0.06063497859387713,0.07369054381442998,0.07752550614504873,0.07762500131943503,0.07680265122386884,0.06698546823132766,0.06256682694055664,0.05252504678618859,0.04938967822596,0.03578757369777628,0.032236045557452506,0.020555624839468743,0.008501266462150981,0.0018323531722931941,0.00021462809720268052
62,0.08135389828115626,0.08232449793526983,0.07826562665443122,0.06769491405781244,0.07775385592771679,0.08546571136131013,0.08447746444075813,0.07838915751950024,0.058165390181060955,0.0581300956481841,0.053859457170084356,0.05553594748173508,0.0500123530865069,0.034288638689866945,0.023453217096671725,0.014823703808280098,0.009953058271273778,0.004605936540429888,0.0012529559171284368,0.0001764726643842869,1.764726643842869e-05
63,0.1195532988207124,0.1147153615073746,0.11143410600231626,0.11234301060517095,0.10345051817078502,0.09138178762718348,0.07553673575346129,0.06429896809929501,0.05065044512308616,0.038355819555417295,0.029503770713605097,0.023559922053755084,0.019739418647713537,0.016602264682581806,0.011170135091795059,0.008161222434208075,0.005496929968804055,0.0028750069813344324,0.0009773301768449898,0.0001775213153026659,1.6426669252639792e-05
64,0.16641807935926806,0.14778410491412722,0.13383719220793694,0.12014605474943943,0.10384490796340888,0.08347496723715828,0.06271577593395741,0.04590575445513261,0.03398993331585143,0.02608277925856344,0.02134991407525679,0.017537052782881916,0.013878443639884823,0.01054628241301989,0.006205343609254752,0.0039562528312352425,0.0017635113077843507,0.00048636647099729055,7.224666996367521e-05,4.879404725215536e-06,1.5740015242630762e-07
65,0.15990734344730154,0.14498361370943025,0.12658214699359607,0.10765714998000403,0.09310633170422612,0.08185977905774931,0.06959005707934494,0.057334877609211625,0.04336887591604816,0.03383833924555544,0.024904045414175825,0.019360233511132807,0.014830242184700238,0.011380551472688646,0.006187837269332445,0.0034185281942879097,0.0012932444855328008,0.0003510976996868166,4.362752481315473e-05,2.0775011815787966e-06,0.0
66,0.09583641976088932,0.09597799514093072,0.09067144652116428,0.09534596219431728,0.10203034263770103,0.08799415495930973,0.05582367797668558,0.06191141931846625,0.05712313771492281,0.05663520828013724,0.05442562109877665,0.0453243466675431,0.037823379657134774,0.023946464281290058,0.018301146002138804,0.008792842353286194,0.007751252057267242,0.002255093553516758,0.0011907500714197232,0.0006977643730612392,0.00014157538004141084
67,0.11441807393478477,0.11189410009339824,0.10841250558745354,0.10233353387440916,0.09398918855511786,0.08583306155129927,0.07907941870932711,0.0717230862471774,0.0537529470207209,0.04034785730598984,0.036007816658653914,0.030822659778954563,0.024815314110419637,0.019081853639376197,0.011901475976393619,0.008525987546310326,0.004541055675475367,0.0018487695160976424,0.0005413720386496269,0.00011392628915771861,1.5995890833377028e-05
68,0.10516056158161038,0.1020677405796867,0.10549397035288792,0.10727881864179369,0.10424075750472835,0.09112243578344999,0.07963741290958762,0.06919808118200481,0.05764172903768125,0.04574146069413686,0.03677741226297667,0.028512511921889395,0.022449725998609785,0.017117206317388986,0.01136297505698259,0.007477247377184332,0.004839882963417985,0.002609883448376198,0.0009891126881233733,0.00025056174326312217,3.0511954219944715e-05
69,0.06021874999238061,0.06274339437511553,0.06142917223379363,0.059740306006385344,0.0626807067127394,0.06979076009945394,0.09000131040092878,0.06955054792341006,0.06676537297106956,0.08286294536462536,0.08445410721019327,0.06767114799221627,0.05271578086552944,0.04947771027525816,0.029021659597175117,0.016535482538955034,0.00932428554364991,0.0038511266427319604,0.00099049188582244,0.0001576395791686835,1.7301789397575074e-05
70,0.05155222987337896,0.04988030327808958,0.053873093638328,0.054309560427707,0.05775236348832435,0.07044273868883374,0.06806794180790762,0.07071566635234677,0.0891072938450136,0.08447013323219424,0.0692568625540636,0.05722455835737126,0.06253675280887147,0.06282425111258799,0.04148304760380385,0.029408988736677646,0.01613557045578702,0.007977751719770488,0.002352614712258127,0.0005982661373102337,3.0011169374341058e-05
71,0.06114757445815466,0.06705171961144657,0.0698987777486071,0.06352206761763075,0.06621160409556313,0.07676555526384878,0.06913450599457426,0.0702488258802252,0.06407047635716577,0.06251276217146524,0.059922405997491324,0.06132843265949068,0.0593914996645372,0.050196902074035175,0.040978967941425276,0.0262186050581955,0.01638808669525393,0.010168898223505732,0.003938041480703597,0.000840115515883434,6.41754907966512e-05
72,0.08538325363023844,0.08628794491799392,0.09245926413960925,0.09297275807617442,0.09045561742860286,0.08651409159298726,0.08210125277058265,0.0752947217460883,0.06502744376430004,0.05683523897617934,0.04909024596633861,0.042044667712553795,0.03443681299162098,0.026730027990340056,0.016215161443722495,0.009849378672573824,0.005342989565332761,0.002197157814470674,0.0006096603104580936,0.0001282678504813625,2.4042639351052618e-05
73,0.08780804401253371,0.09012106280099717,0.08575412015729753,0.08719313466537212,0.08441724200174733,0.0772603199232088,0.072287130570522,0.0768978905357817,0.07183906232758001,0.06657882959712828,0.058147396001162116,0.04748976605147825,0.03739062575187688,0.02585337133576305,0.015190876367154727,0.009235708358845336,0.00457038030818675,0.0015127885263916492,0.00040344803206027137,4.608697778133513e-05,2.715697130962555e-06
74,0.13597092963681986,0.1320092988537354,0.11499526127065535,0.10456986022737844,0.09536527021760428,0.08443893041765166,0.07331718618800145,0.06199591134160122,0.05348555230339971,0.043735519662312844,0.03361904231394998,0.02113654053993515,0.015046730542007086,0.013886240433508999,0.007544143570089033,0.0052473310201142775,0.0025393734031287692,0.0008877196715672996,0.00018425390040111448,2.293963516057597e-05,1.9648509773512607e-06
75,0.06590656817939837,0.07500727150642361,0.07426727079661037,0.06481084496740366,0.05983072993686334,0.05760012140254204,0.06320234287325062,0.07625393201865587,0.07857306323987324,0.07421179114030683,0.06339325816111864,0.058389074750270165,0.05017359829220564,0.04625575550441818,0.03906583681067037,0.026060344732634973,0.016177215076270252,0.007726358017565024,0.0024827146195829323,0.0005621394587225239,4.9768515213460025e-05
76,0.10088537521149032,0.0981333608163381,0.08793633041999556,0.07954519341048538,0.07430647774886337,0.0680413275684017,0.06624796866008979,0.06470088904270706,0.06274992067299938,0.057100352659874384,0.04769670832988056,0.0426012106913531,0.03855187776933636,0.03843094326361146,0.03120226307688487,0.017912234045639897,0.012046330218051182,0.007584055864778047,0.0032712667738596705,0.0009498349278814852,0.00010607882747845523
77,0.0406719269237008,0.04669963456754896,0.04994183483947894,0.050426960643188294,0.05185784567251716,0.05520908969697897,0.057850122589296574,0.061970583664328685,0.07107645037107999,0.08156438719364355,0.08222326963106015,0.07727784670860266,0.06464646979343684,0.05705603948674703,0.05390226316741529,0.040163531658781386,0.032555504883614486,0.017122892478953454,0.006339076813850256,0.0013404908157814506,0.00010377839999524422
78,0.08022775630238951,0.08123140277115297,0.07835382926850844,0.08324754140637068,0.09052823104418019,0.08782212798908035,0.07992428082776679,0.06980072003979203,0.05717110505218622,0.05804887043842681,0.055874189683058656,0.04977746265924808,0.03923543232667026,0.030097826612077373,0.023527514542667223,0.015940627677099375,0.010312722630901017,0.00565103994785121,0.0025373543606908083,0.0005919813069994646,9.798311288266998e-05
79,0.039736242965832703,0.04491247354685102,0.04626311139798856,0.04739502319278345,0.04980450761577831,0.051034827513363926,0.05628104654596385,0.06344764051715994,0.06974877109298822,0.0824039850990344,0.0706814052651169,0.06420018640376357,0.06045781224229511,0.06632790334468527,0.06983399765954863,0.051183937569394364,0.03578513415816176,0.020772951358107118,0.008026033372119545,0.0015447659301658732,0.00015824320889763413
80,0.10501746135630827,0.11387599523730157,0.11164950535029275,0.10165062614462815,0.09178008660120376,0.08414377991083587,0.07608664301577688,0.07026993334661251,0.06026098828508594,0.05359661740785241,0.04337841868888743,0.03134952735967374,0.020520989342000806,0.013981860940588415,0.010052305671393553,0.0069603457544058925,0.0038085714246999455,0.001327337954722619,0.00026209940071378535,2.5358213806134327e-05,1.5485932095349207e-06
81,0.10868425652799824,0.10987629786614393,0.0905569542383637,0.06277272348690141,0.061858089909303665,0.08120914668692501,0.08943997101264475,0.07310561389689976,0.06377525406457783,0.058589111591770764,0.05033315816115963,0.0532508776806253,0.03878836454408396,0.027196714473782822,0.013031690434886042,0.008120102636482038,0.007004436219753034,0.0018512139716945321,0.0005203590191923812,3.379809740853087e-05,1.865479402418912e-06
82,0.13317886124485828,0.13130465612868553,0.12707699043439033,0.11309983518178228,0.09802943103861976,0.08111154480933773,0.07457926104983256,0.06379187744893271,0.050990872363585016,0.039491922589894264,0.029271748401399518,0.02147165523009558,0.015377456998284373,0.010460194905205665,0.006027091238974364,0.002859588778977224,0.0013671786622069398,0.00044250193882319934,6.37011164575053e-05,3.555585231176853e-06,7.48544259195127e-08
83,0.13228585046983524,0.1273151300558355,0.11626719324526762,0.08834944845431024,0.0930648236415634,0.0824594852240229,0.07428843796813292,0.061129647283126795,0.05060942394116846,0.039765763311997826,0.04294906713877163,0.036803758681737714,0.023321530709519273,0.014912161241999185,0.009447773389622771,0.004477052975623043,0.0017533705569930547,0.0006468745744246221,0.00015320713604793682,0.0,0.0
84,0.05668466665595695,0.06526430456012479,0.06614632698476083,0.04754085569179857,0.04335947271429588,0.056745865089583035,0.08661682054247823,0.12477863379086812,0.13019087026467557,0.1109103037507755,0.08721082783886147,0.055116074304078194,0.03835841321641373,0.018388599343799796,0.006882911331884461,0.003674200958826459,0.001689459258290284,0.00041079448571513816,2.7539295131741103e-05,3.059921681304567e-06,0.0
85,0.12090466555323846,0.12211373699752419,0.09493565769210506,0.0789472216455394,0.08118223761879234,0.08954751229367235,0.08826686332410982,0.06879498771407411,0.055459567994001105,0.04873437921215143,0.04366414957533766,0.0410625699120309,0.03052084269366987,0.019007396344278595,0.009239388089623735,0.003383045112432488,0.0027531009181134512,0.0012254939933752053,0.00022898610900234557,2.7267628676869296e-05,9.29578250347817e-07
86,0.06837517369578622,0.056055426210349056,0.06045648632979654,0.05042929316167743,0.041593814129404515,0.07050783586553416,0.08368340894659833,0.07064817285836547,0.06857992766893353,0.07434064619433683,0.06513476952524687,0.07648136048662428,0.0652405974214803,0.054941932693458,0.030866086300348775,0.03171731068309607,0.01660807788933163,0.009587777338106326,0.0038788224575998236,0.000782206189551566,9.087395437437309e-05
87,0.0841354395813893,0.08922196227544177,0.08552174695102607,0.08480574524426426,0.08561110163556909,0.08152552604296126,0.06979706881707787,0.0665427537425642,0.0653389394908704,0.06029462014945226,0.062057847116754265,0.057521423294969995,0.039086998864293225,0.02669493030043548,0.01833109898112375,0.011255197561170122,0.007720594013643616,0.0035770979577652126,0.0008327158061160517,0.0001196246753980067,7.567497713742517e-06
88,0.12074459529779077,0.10656606272765975,0.09971521831685508,0.10263967075074504,0.09724395666777044,0.09156156866455364,0.08572496333790622,0.07641515681914941,0.05964993613699795,0.04293959033066842,0.03246700411561568,0.027160225176214574,0.021281990633426364,0.015403756090638153,0.010870902124036139,0.0060816500307488515,0.0026207483797719847,0.0007881167510289037,0.00011542646293580582,8.515066937887315e-06,9.461185486541462e-07
89,0.1486510138094244,0.13609545418968994,0.1247972990778116,0.11026969497813015,0.09196594427853418,0.07468243358312303,0.06600370731776387,0.05840618373995444,0.04843229543381636,0.03899330551075126,0.030580455206390147,0.02381713712159381,0.01792499544746413,0.01268377790861812,0.007855533386115218,0.005469729274555868,0.0025199220149622094,0.0007366651996291897,0.00010815959951843416,6.292922153799805e-06,0.0
90,0.09240020214850535,0.09791085343166692,0.09219465182860505,0.08299274346829984,0.07949550513630754,0.08036671560859183,0.08436961349332625,0.08363015126254887,0.08275865250089585,0.07151997975055474,0.05469771850676485,0.03465324698874547,0.022535291663795785,0.01631112419304202,0.010495174468401612,0.007643127743613886,0.0040916910103014435,0.0015423481226740452,0.0003473886893125654,4.151366909627337e-05,2.306314949792965e-06
91,0.059319659647282086,0.06360621181012185,0.04883066253858175,0.05003702419151944,0.05432833830825239,0.07616507154438895,0.07685238022297056,0.06205143386400019,0.06359351326640672,0.07474204098931181,0.06985468897694977,0.08548262799536821,0.06438955322554915,0.05257752659352835,0.030636030371741934,0.029508240958041634,0.022226419796394725,0.010891382212673625,0.004030200311590517,0.0008055638669287858,7.142930839762633e-05
92,0.05401990606057734,0.052854349673233575,0.0504190001484584,0.05586142197879255,0.0650089864713333,0.07462719568396681,0.0778364241109079,0.0778995978988398,0.07618127086709181,0.07991168304447117,0.08049919927223795,0.06943746900536028,0.0556845353725832,0.04333405983189454,0.03400960873314444,0.022265601556602132,0.016551532438160755,0.009965665046259004,0.003165006775388755,0.00043905782612678343,2.8428204569360074e-05
93,0.15046039271875686,0.13358464681508772,0.1213077971965785,0.1092384089637217,0.09662604520616892,0.08017636968489686,0.06610200397130027,0.05577598629393978,0.047484552415090135,0.03840525750293946,0.030386433386255532,0.023776117169789487,0.018241907359153372,0.01313080006042874,0.007401434668592743,0.004298127946923473,0.002334338717557104,0.0009576087476607209,0.00026204124775355733,4.509715396421719e-05,4.63277344094687e-06
94,0.156562137714745,0.1464506658178254,0.13638159358501561,0.11532910036286692,0.0968765545439349,0.0802049006167773,0.06675403117456503,0.05125843793065471,0.04162661223397788,0.032272928333861736,0.02403986755616922,0.017747969400586407,0.013121424052078659,0.00928160447112938,0.00654523614863923,0.0035825596189626987,0.001492892173308203,0.0004122307343081228,5.596755662501642e-05,3.179974808239569e-06,1.059991602746523e-07
95,0.08156426267314774,0.07765549405191437,0.07565258535466668,0.08277364431913221,0.08861647353018762,0.08980294589326453,0.09096169862531676,0.0863118357472963,0.06654142524481516,0.058576510961911486,0.050539922492063384,0.04584063328713996,0.03712837129489702,0.027617350997813518,0.018931305402808633,0.01049317312388757,0.006589214850771277,0.003080727322230128,0.0010108946568036091,0.0002598790570250535,5.165111290710803e-05
96,0.053640997527177714,0.056329608547566835,0.04943603321980124,0.03943393365371157,0.10529615546120469,0.19997783791349788,0.17633439089254888,0.10365441142163953,0.06830588345075352,0.04913567862641721,0.03115814398357673,0.02172759296412075,0.01658073998040405,0.009634675500396584,0.006651542014650306,0.0060216721877478655,0.0041291466430271075,0.0019158540568282557,0.0005190593943918257,0.00010206224047030281,1.4580320067186116e-05
97,0.18072947787785598,0.15812296565835143,0.1382195120556828,0.11245248233297919,0.08832110715893093,0.07053018509096048,0.057514637008690035,0.04864894382294478,0.040262099003920485,0.03170374406589773,0.022994677075030945,0.016351025620654703,0.012400773017791513,0.009717132500635276,0.006023849369168039,0.003859273384566888,0.0015874542910747514,0.0004754970195681217,7.905236519353931e-05,5.815573000522218e-06,2.9570710172146874e-07
98,0.050329690181555434,0.05021226628127542,0.04759732634811672,0.047461837232409015,0.058323548008310015,0.0711046879234035,0.0772920242073887,0.07607713846987627,0.07245506277662363,0.06561737873724147,0.05751964592177764,0.06399602565260593,0.06750971005329241,0.061588835696865706,0.06077138469876255,0.035525246138560215,0.02212988889892513,0.010392015174780963,0.0033239996386956925,0.0007045434016800653,6.774455785385242e-05
99,0.15045304437166726,0.13440708939387516,0.1166510562612715,0.10204579823133464,0.09029538141852117,0.08065590255338266,0.07248838427379065,0.06182619901403908,0.050539597538481036,0.04006413756685814,0.03139597281519635,0.02417878346761708,0.017954321683988007,0.012192818699595412,0.00748699882354503,0.004360635054418001,0.002095948532343518,0.0007361944272779949,0.00015417684340900416,1.6702491369308784e-05,8.565380189389121e-07
100,0.052033530949193614,0.05589978963472941,0.06543316121629376,0.0767833237712756,0.07569643653981005,0.08225122713074523,0.07058711034614652,0.06957034487154971,0.07978580990629186,0.06628418435647353,0.06763562185248934,0.07056161152546697,0.05770861222668453,0.04680467903359471,0.03150857397845351,0.016284184356473518,0.009458468795818195,0.004183400267737619,0.0012366928029578636,0.0002629565882577932,3.0279849556958e-05
101,0.08886394400157308,0.09087634307522104,0.09025983627530197,0.09029457463551754,0.0872844663910408,0.08536551683592805,0.07528619192514349,0.06887088406320409,0.06389159754377755,0.059975897824890316,0.05130755917182608,0.04348226391875403,0.034393846372987,0.026274979473291625,0.01785261568119705,0.012279368207687385,0.007230937923358901,0.003945776701693694,0.001697026767373136,0.000491474071183292,7.489913904993455e-05
102,0.11778105668036504,0.11343379323966792,0.08818858244290079,0.06827884651701911,0.07115989149488033,0.08448960056072952,0.09552896245849174,0.07957764487421048,0.06807947052671795,0.06052795009903787,0.049496637542498986,0.041135229551732204,0.026351685624929188,0.016350069564883576,0.009228260122510976,0.006001093472046188,0.0030222180393166985,0.001086041885056646,0.0002458144973588874,3.467408526976749e-05,2.4767203764119635e-06
103,0.06158170805923437,0.062019622427655595,0.0664567253665118,0.06604135070822992,0.06914539079027446,0.07195963459909907,0.0702594964628755,0.07444544263160778,0.06827600197061467,0.06405463625737774,0.06054810135141663,0.06701377820281233,0.06205182201356892,0.056519933153659656,0.03416376065403799,0.01977054575078165,0.01631875014087319,0.007341505588238136,0.0018192766041028716,0.0002028573912539485,9.659875773997549e-06
104,0.09315611326313254,0.09596341343373468,0.08767718007978102,0.08290235125652083,0.08001479727423116,0.08307503343772335,0.07743892289120963,0.07212175300311675,0.06069552102385083,0.05323830408518653,0.05000849762298583,0.049305867312496934,0.04236724286173737,0.03170254858262761,0.01857602768418018,0.012608310571550723,0.0067824297873323135,0.0020244706428554156,0.0003199233581557827,2.058210000422015e-05,7.097275863524189e-07
105,0.17058269114219,0.1506381748768043,0.13341207849364986,0.11589523074932669,0.09476696930222636,0.07710797205863618,0.06319246443052798,0.05127100021826104,0.03961256854400791,0.02923157299054169,0.02169185557110487,0.0173068167565224,0.01315254866678057,0.009853152785692345,0.006550201521111571,0.0036432804733400556,0.001582277335055719,0.0004435670109133813,6.15608067691868e-05,3.818745232741e-06,1.9752130514177585e-07
106,0.08682545778653777,0.08663720590888165,0.09277960991129354,0.09689632302435641,0.09025586771110353,0.08277899588065533,0.07673018387738609,0.07343051289864795,0.06871643569325775,0.06210652935772013,0.05367627008042276,0.04319171600205795,0.033966878195772036,0.02452133260666684,0.014034719046658317,0.007956158975201933,0.0038509637039243418,0.001351363205224676,0.0002635755118479309,2.814624913091781e-05,1.754373252062628e-06
107,0.13667558941708213,0.12921100640343333,0.11409753970786313,0.09888258586016042,0.09794728026610741,0.09082775356970907,0.07821493030268338,0.06292528191101118,0.051371984512248677,0.04123707155168983,0.030450205125831888,0.02400374122237621,0.017102614877366983,0.011098634957208956,0.007547396529788913,0.004963127687887224,0.0024381273428309065,0.0008281351614011071,0.00016481513506316151,1.2178458255898634e-05,0.0
108,0.10381052160796381,0.10382213345609431,0.11043466893309968,0.12022488029495595,0.11509199393037463,0.08503041742346576,0.05814936357707852,0.04523121998945944,0.04537535673657625,0.04663865089802663,0.043407860172372276,0.036364787332747256,0.0286402862957343,0.023415404127899643,0.01570476239349407,0.011288514346438367,0.005234171646339066,0.0017125603113773266,0.0003838652246499309,3.6783338271490256e-05,1.7979635814985057e-06
109,0.05158398972958758,0.053752513281665,0.056427412208648206,0.061095483326100236,0.06118485746698692,0.06424524826508159,0.06390403349129012,0.06034452969933156,0.05901117996707329,0.06706457486665623,0.07492575093898488,0.07386977730845615,0.06587764410701705,0.0579402130337484,0.05436899572398032,0.0353638130780255,0.022558829679008612,0.011793169730630089,0.00389369045506431,0.0007391229737810474,5.517066888286423e-05
110,0.07055150594433372,0.07662127695159514,0.07754115039930871,0.07591743438932948,0.08326248449455742,0.07246790896040363,0.07380590670253244,0.07311600161674728,0.06816819746616679,0.0739661876820583,0.06306011233606043,0.05759662155570113,0.04280199027164142,0.03450222302749864,0.0278261717933351,0.017630907747843174,0.007581987205396592,0.0028362764637834673,0.000662030132824151,7.665612064279642e-05,6.9687382402542205e-06
111,0.06526639728997542,0.06794891321820483,0.06975764957937491,0.06517653005299635,0.07018799972828874,0.07525853707107907,0.06812400666114525,0.059640201960793414,0.05619655694566154,0.06273956685679424,0.06277796084066792,0.06452172276759024,0.057290574530106164,0.048964986796266756,0.04350586858372188,0.029500924619952296,0.018317727514943063,0.009716209391505986,0.004223760138015824,0.0008138680757399386,7.00373771761689e-05
112,0.1027646301559429,0.10376222606313491,0.100642326796737,0.09553152381626226,0.09217486015432873,0.09018028092570284,0.08371750117693039,0.07547393462913599,0.06099516394173206,0.0481719062658028,0.03792977868195435,0.032198426328445814,0.027470489446831996,0.020042580836050917,0.011098522473780563,0.008814190181536726,0.005427203524573418,0.0025379427961293153,0.0008380173171867979,0.00019633373549588358,3.21607523043179e-05
113,0.20052094610056645,0.16586932058850476,0.1363535334155289,0.11009604224757841,0.08734745995637692,0.06827006864738482,0.05135328896526875,0.03725898539584303,0.03266274532843228,0.02738779630350123,0.021843910908356627,0.020463732414474252,0.015314665002487642,0.011963765487156502,0.007471714639859033,0.003912929693229304,0.0014641543479484462,0.0003845469638250591,5.644952225380676e-05,3.861903269183286e-06,8.216815466347417e-08
114,0.1663398715552156,0.1463359253368517,0.12596344141599725,0.10674377091977452,0.08777938991019947,0.0733285787142153,0.06330999312269076,0.05499543374502201,0.04581011418657461,0.03644521134882473,0.02821775862014338,0.02230665355906233,0.016890419557981234,0.011797217214414174,0.007813983310768085,0.004081884576664127,0.0014741029491659857,0.0003261043206266716,3.77047352045456e-05,2.326034692740437e-06,1.1486591075261418e-07
115,0.055333734434538456,0.057532114484647325,0.0556379188412973,0.05984372406156231,0.06434411796597549,0.07513738675847853,0.07959268076662146,0.08071921860111636,0.07567186850789391,0.07066961831094172,0.07017831731327444,0.06544762606620472,0.06067183492286478,0.052817735966015786,0.03416077249405305,0.022503888666587982,0.013210431318135627,0.005294919736578222,0.0011198208286674132,0.00010843166550078636,3.8382890442756235e-06
116,0.05670911096893669,0.05856167720748634,0.06014745346960183,0.0599930729497227,0.0665759605077842,0.07024204164770367,0.07022488825660599,0.06827524112375882,0.06571756102136402,0.07103365239857329,0.071020513630924,0.06275732367682575,0.05746933466375523,0.05005870474378857,0.04780613602347169,0.03089471722999742,0.01782018355588338,0.009888747484929654,0.0038759364565400596,0.0008547498287398136,7.299315360715744e-05
117,0.08324414233380949,0.08080692854564005,0.07863189299757542,0.07333903812462936,0.07278341310944562,0.07427985591571426,0.07236844969246131,0.06889155711640259,0.061031967442901805,0.06044235896006656,0.05515741483923221,0.053048099385634144,0.04637694808707013,0.03892759410296026,0.03275159035373185,0.022146267559704762,0.014130522448069774,0.00775356687153018,0.0031641136079493975,0.0006730692580730278,5.120924739772533e-05
118,0.06881192084813201,0.056857543847155814,0.049231061381567416,0.02779691593748794,0.05944638793198089,0.17199360281049064,0.19846390305706135,0.12209344762820339,0.08427407031567577,0.06126940891274481,0.036795708304774445,0.027766650940736975,0.016856713043323448,0.008188165199407753,0.0034855187924859718,0.0035478290799144264,0.002094219088904911,0.00076166908489925,0.00021571228076422078,4.332048554549688e-05,6.231028742845443e-06
119,0.12764176847867215,0.11635398502289133,0.10692835748030735,0.10066695664131274,0.09449967747996214,0.08639762118390325,0.07563135574794592,0.06285014392329678,0.05210533495726876,0.04315204885931151,0.03674334702298341,0.030666793804388442,0.023453522730534703,0.016023848334093368,0.012070509144788829,0.008265632188582717,0.004353701610986775,0.0016988263434110035,0.0004307304963833356,6.079773008670463e-05,5.040818888682065e-06
120,0.09215789766098119,0.09092727373742987,0.08731457303183511,0.08415328629368299,0.08175870881715652,0.07676444987684503,0.07376011630275757,0.07017056503139064,0.06677778395096025,0.061986777043169065,0.05394512658110637,0.04520112228457138,0.03596727595977555,0.027240865233253704,0.019989536455729023,0.014141063392410691,0.009111617312072894,0.005153064059114396,0.0024135600125932927,0.0008486582587921552,0.00021667870437246518
121,0.12535770014132872,0.11798325420439953,0.11235462138074877,0.10427769089453927,0.0941605123561975,0.08046326765427513,0.071244279862489,0.06530763963440153,0.05697699160608674,0.047532963578507496,0.03833630468171253,0.030300967235192426,0.022925426744587203,0.01597304070513774,0.009178270395037552,0.0047939261903052295,0.0020566663572728267,0.0006350600428364524,0.0001302518874483589,1.0726626025158968e-05,4.3782147041465177e-07
122,0.09895181494112065,0.0962749285391076,0.09542153649195996,0.09299241797172468,0.09558735887163528,0.09058178547384918,0.0837739628513724,0.0725043869814257,0.057558024037347284,0.045153627123133463,0.04054591707225552,0.03583694776457085,0.030656446931320292,0.02510953658025141,0.017225661909964794,0.011180732598307014,0.006632343365449349,0.00276407420896379,0.0010040393338410093,0.00021576223112494347,2.869472127492854e-05
123,0.088522063477197,0.07994892849855474,0.0809323455243993,0.07215113422961635,0.07381427943257196,0.08311751317541918,0.08382691420747283,0.07992584961137716,0.07207945535780028,0.06398133027926795,0.054952417806497074,0.04627390145412863,0.037678298140879626,0.030612129017573285,0.02153711982570433,0.014882341024626879,0.009840458949925284,0.004343226767894654,0.001333568925218666,0.0002226074673265844,2.411682654799804e-05
124,0.09905050671170973,0.10623654057668867,0.10136961855900067,0.09826957053871312,0.09434609952147807,0.08736532172002583,0.07571991588044993,0.06622981682781706,0.059920250886694386,0.05240384471229397,0.04613841927389873,0.03772317508142324,0.029344093754500485,0.020662207488529878,0.012895350754808957,0.006925097891877575,0.00367739998082823,0.0013690097871433744,0.0003066211208398508,4.3159198838063505e-05,3.9797324402256455e-06
125,0.05274976397220987,0.05309189724898997,0.05514715084614729,0.04807981379311886,0.05427665777996293,0.0689014647983085,0.0801704864187431,0.08979035366296098,0.08194588219370795,0.07043871967118559,0.06056369756530783,0.06153360232476125,0.06981367478459753,0.059686769732362234,0.04251319522542487,0.021790192466600425,0.016312297335521225,0.009031304213250787,0.0033725812297962635,0.0007246747075439406,6.582002949849772e-05
126,0.042778305459704465,0.04699096233567176,0.05186240395486433,0.055650312580715636,0.055958560822747104,0.054496921041601275,0.05674213738957892,0.06583763713108158,0.07659357293087071,0.08086986949096958,0.07342962342305215,0.07193668203831066,0.06479349026146995,0.05886463486783052,0.05242604011497431,0.03960544225019972,0.028782550040070198,0.0162772484605208,0.005061324194647052,0.0009635089636598745,7.877224745928407e-05
127,0.031989691173991454,0.032143492207183384,0.029063314758664006,0.026878693476388306,0.08743196151741114,0.1878940574144337,0.18523925759825596,0.12190648620062952,0.09095091068224381,0.07620910474404596,0.05751835335902841,0.03662589168804716,0.020022769942751834,0.010118537643149272,0.004183110983841654,0.0009445138524849489,0.0004752590485119865,0.0002447884312063682,0.00011869929588686154,2.7250032907878718e-05,1.3855948936209518e-05
128,0.0516129508167278,0.053056197235979985,0.05936179429526384,0.054661942511325744,0.055862082089290555,0.06014863086161169,0.07795273250379092,0.06556679173376873,0.08267856272327558,0.08154994402342036,0.08143373595988503,0.05405642045809283,0.06372467476709211,0.05858757277169167,0.041214734541013424,0.024827473253971173,0.01962066780187797,0.009976146878439738,0.0034166453565096615,0.0006382356387359641,5.2063778235245316e-05
129,0.14918072924543668,0.13210194189776064,0.12163539738396852,0.1057486135303233,0.09210763336108393,0.0789341886861436,0.07614248195229756,0.06130321632067941,0.04592872698581264,0.03412600780440338,0.02756669055385131,0.029500280411362136,0.019391493994987935,0.013053773177911156,0.006940946827692362,0.003858227910125764,0.0014820733824991586,0.0008896837672838545,9.030329500233297e-05,1.7118363748268337e-05,4.711476260991286e-07
130,0.06066001636769811,0.0615226382959899,0.062440556501736286,0.07323438986087455,0.08757824423259823,0.09384884209595008,0.07742584769193336,0.07571166309084071,0.06977284289221648,0.06656565879984958,0.06638871071199486,0.05886841697816902,0.04415960717524495,0.03344318860454313,0.02562429497246245,0.01815929751609121,0.013204751056158896,0.006712968082988651,0.003306717391785184,0.0010948662936011145,0.0002764813872730087
131,0.06944395033619125,0.0731616208331851,0.07511828951581344,0.08347860115977088,0.08436799601551105,0.07399765199758085,0.07163186168131204,0.06764737272759613,0.06727382688818527,0.06424988437866876,0.06199082144508875,0.06257782204987726,0.049041232345512116,0.03475755096232523,0.02392472161941015,0.016044683197552385,0.011900103169803266,0.00743534099398769,0.0016898502259062934,0.00023124266249244013,3.557579422960617e-05
132,0.13655881522448227,0.12195359434485849,0.11461203664936762,0.09751419140628804,0.0854308053318793,0.07664819917626554,0.060368246302444924,0.052267217121213606,0.04948248834016534,0.0498719608969553,0.04608434028217287,0.0368635775001704,0.02887939008597607,0.019239944305424382,0.011898386609933498,0.007224715928453892,0.003524726638949203,0.0011684176703699017,0.00036999892895046887,3.8947255678996724e-05,0.0
133,0.1464691132892637,0.14125370412582627,0.13400501481650326,0.11516754046045131,0.08616366537497148,0.06895828584454067,0.06475495782995212,0.05783451105539091,0.05027581490768178,0.03433781627535901,0.033052199680875305,0.02316845224527011,0.018655117392295414,0.011297013904718484,0.007367221335764758,0.0038568497834511046,0.002443583314337816,0.0007294278550262136,0.0001823569637565534,2.7353544563483012e-05,0.0
134,0.07504291325730053,0.07503228304887095,0.06660466374067696,0.056079813591844115,0.06100249422441901,0.08264698945542934,0.10038642297857647,0.10976027985861625,0.11394540285211474,0.09248817811540115,0.06382968260184585,0.04462958889705528,0.026434745323056015,0.015660035602256945,0.007501300958685845,0.005045871833067182,0.0024904988786620327,0.0010242255495768085,0.00032799657131071667,6.229103444247141e-05,4.321626791463327e-06
135,0.16233593222683013,0.14990101930230695,0.12996951945253732,0.10893347456823306,0.0929457818312439,0.07839564986717923,0.06501859980405801,0.053543570171042325,0.04093376584991528,0.03188849051835289,0.02511092875409156,0.01952554130355896,0.01495033830898745,0.011436967194706507,0.0074014920231042685,0.004737488503246629,0.0022262242856714506,0.0006419211862752478,9.644116201809253e-05,6.731299379435392e-06,1.2238726144427986e-07
136,0.05063754030410425,0.05275710566118594,0.05881087032564106,0.06188939238269665,0.06381431570004191,0.06904955567638578,0.07426960749836846,0.07056112753119356,0.07264634429302766,0.0704125172823672,0.0655027711371792,0.0622382526051774,0.06044698504621056,0.06351826352195543,0.04790413984691744,0.02578130786832852,0.018365749917458228,0.009000032946611771,0.002199712079326095,0.0001883331140786948,6.075261744474025e-06
137,0.081226828446242,0.0811871765895438,0.07551696108170265,0.06498939312833324,0.06481095977319139,0.07369297567358592,0.07676599456769563,0.08086996173595828,0.07918475782628522,0.077261642776423,0.06877614544301036,0.06011221475445588,0.047522750252780584,0.02956045916850057,0.015464224112294058,0.013045460853704475,0.006027082218124863,0.002914411467316957,0.0009119927040583675,0.00013878149844366464,1.9825928349094945e-05
138,0.1459103560474516,0.1342511715573971,0.12482646733843412,0.1102440722599171,0.09500610237164865,0.0825323473421214,0.07070185939603225,0.059340069762202186,0.04768791825861247,0.037781956822989037,0.029190410322012826,0.021915790536564124,0.015668489131147368,0.010841097457349335,0.007363285650522364,0.004189148152120484,0.0018293300151033388,0.0005807237395192803,0.00012257490695735676,1.5573041457696967e-05,1.2558904401368521e-06
139,0.04377980032374813,0.03715723402705912,0.040172003852060746,0.04469644448522773,0.0716203767351989,0.07780143861210864,0.07526344131142487,0.07765971308090731,0.08014709412044776,0.0848214241979037,0.08119925923918207,0.08486975456338249,0.07797418701304298,0.061848172769300554,0.029439397150533085,0.01441387839100376,0.010039980315172763,0.004904225870003726,0.0017745081487282094,0.00036770264546705255,4.996314809632242e-05
140,0.054612054486794896,0.05440404080679216,0.05440178387717188,0.05068161155307226,0.05605648944377594,0.0703063669113053,0.0788326708617973,0.0844212047565544,0.0884539618330632,0.07707113729316652,0.06471407146718106,0.06604565994314794,0.06377105104083952,0.056014360090863996,0.03706517899896897,0.02243877043978907,0.012215631569781067,0.006181354075018084,0.001901463205088323,0.00038819189468865473,2.2945451139542574e-05
141,0.05026226056045515,0.05410681684263399,0.052021289954889235,0.04572220665938969,0.048164176076813836,0.0540121518889522,0.06715029510350355,0.07567883465510078,0.08062942534509238,0.07466070341856397,0.07432164832935674,0.07284274992030755,0.0703524820571274,0.06626450160833823,0.04381828192768756,0.03305642224433217,0.022002839948610447,0.011120234150865023,0.003265940902021772,0.0005158274006742462,3.091100528384996e-05
142,0.1520892625020758,0.13738969598753945,0.11644267054532127,0.10362993970142759,0.09100904192268269,0.07515275065709984,0.06049613184371618,0.05438896873979992,0.051580189084412274,0.045117991650966895,0.032837812301366884,0.025679862109247498,0.019337918239029726,0.01358578946464259,0.009720496360898122,0.006570998276365593,0.0031523612646093763,0.001402958237655399,0.0003550343295291214,5.4400421460107314e-05,5.726360153695507e-06
143,0.17970234299547697,0.15172662793833536,0.1344957469548227,0.11517301614684441,0.09695842562051628,0.0728208814466575,0.054315658068872785,0.041286522977347424,0.03445784984440479,0.029915749284428604,0.02461482313356731,0.020082818373902255,0.01645350435955587,0.01245821758393112,0.008293573758087208,0.004472944327844962,0.0019835723661287413,0.0006205131266226633,0.0001451271294724553,2.0317798126143743e-05,1.766765054447282e-06
144,0.09991072703557215,0.10074448216957196,0.09496919018242464,0.08462414377431117,0.0847761494621511,0.08997244387769283,0.09275841617261112,0.08227002371165511,0.06478543341233568,0.05401880311385415,0.04418145775679447,0.035445152473239684,0.027533018537916815,0.020021760670142115,0.012298803820316067,0.007296444155348788,0.0032711856772238463,0.0009741918233056587,0.00013934139950380636,8.488495965842293e-06,3.4227806313880216e-07
145,0.07767211577512363,0.07813866408848195,0.07866610363572013,0.08121827336969979,0.08280504309742813,0.08242372553702104,0.08029277753816778,0.07727951490027682,0.07011783538236452,0.061327789229081935,0.05593374252927766,0.04975572001448696,0.04045047480050423,0.03178056081826011,0.022398539085672336,0.014505829986724113,0.00894183573056771,0.004272382454586557,0.0016001135555028475,0.0003675588008855379,5.1399670166039125e-05
146,0.15435692289899686,0.13897305985671282,0.12462774499581833,0.10826119656313549,0.095323695425355,0.08052344684485885,0.06634661273378935,0.05253333295258588,0.04373146310182341,0.03578948758650255,0.029043297054049837,0.022686361304826295,0.017039936005871125,0.011905199594361177,0.009351217041399504,0.005741374196102311,0.00265874759549057,0.0008877364932516678,0.00019293187559409988,2.462960113967233e-05,1.606278335196021e-06
147,0.04463625698255459,0.05033901929721809,0.05616776983609518,0.05008612894457378,0.05026325228569618,0.05240383355837135,0.05727337634253616,0.07121463702031015,0.08819249677674684,0.08758379304891413,0.07958077733907472,0.07330399613757964,0.06206958919309132,0.04995705085372144,0.04451048635458316,0.035073076216391275,0.023090442833593964,0.016469076223006203,0.006438020016939431,0.0012371651944540112,0.00010975554454808694
148,0.08223464845021855,0.0833763255975178,0.08420506905822153,0.08089866607268029,0.07235439793574798,0.06569971163935079,0.06070514195920641,0.06638986044209455,0.07116626284618106,0.06425211332504362,0.06232386523067147,0.05738354518122542,0.049975013029163996,0.03948516029110138,0.030412323490255667,0.016037924485098443,0.007563197167409587,0.0037525745443006673,0.0014268529438605927,0.0003200436022884578,3.730270836167966e-05
149,0.14679206173103526,0.13394597553006887,0.12308356645583127,0.11087361538702062,0.0959079612521765,0.07978675596416628,0.06363017433233999,0.053541114957369226,0.04462467867438678,0.037728300093644605,0.0318047937912919,0.024976200849990835,0.019148735615236844,0.014298387820130236,0.009726759967398987,0.005796790521148321,0.0028941500993162326,0.001095023370069194,0.0002900403723965008,4.9892056504465755e-05,5.021158477119152e-06
150,0.09174010080658838,0.09249309753003507,0.0906547001241427,0.08907069350319854,0.08555331691664801,0.08132025425510987,0.07484176893176223,0.06721004538331604,0.059625808114726855,0.06293288831905353,0.05608808026538047,0.053164282177042416,0.035723249960993415,0.02348874914355102,0.016647332967010604,0.009710944230756184,0.005973095630583877,0.002706717951848912,0.0008683205459565433,0.00016959385663213738,1.6959385663213734e-05
151,0.06112734527560775,0.06009906804716476,0.05952622156349928,0.054744594082523496,0.05535677681541238,0.07401836785402179,0.06977361099058757,0.06344462592709511,0.06134418882032169,0.06559961984183665,0.06819067288113514,0.061770562134768364,0.05608578227840695,0.05147731336185178,0.05432039513361179,0.04077548153795642,0.02374664134650946,0.012457928497768408,0.0049769250399342,0.0010772992877766856,8.657928221030977e-05
152,0.053865617302582776,0.051805830380133616,0.04890876010329677,0.05049109754688785,0.05735123140043151,0.06555264893628912,0.07023770928590325,0.07267340033463383,0.06690068678196255,0.0697581636873819,0.07962296862714408,0.0755259862941722,0.0629760520657492,0.05024981088342592,0.04703296590684657,0.03538785666640581,0.022877748711585107,0.012981269074688932,0.0047786870279072705,0.0009493093052807307,7.219967729073271e-05
153,0.14514628138279698,0.13039578936679444,0.10452837836769295,0.0865471650764149,0.08852896266920918,0.0858373885550981,0.08147697606486246,0.06291458252613855,0.04884910496577216,0.04162045454829206,0.03754116433313676,0.032908161035828415,0.02458207251414871,0.013770413618054086,0.00751414246885702,0.003948196926257736,0.0026759677701947127,0.0008958041408000185,0.00029506394231229414,2.3097388996237412e-05,8.323383422067537e-07
154,0.05447841168507622,0.058195445689020166,0.06233387092880364,0.06609085657859641,0.0721282068040862,0.07145942155198455,0.06570447087474969,0.06953332238122409,0.07596854036058348,0.07891118369336922,0.0782732527705598,0.07082979303457629,0.06003174934037095,0.043956614337959714,0.02982118031941297,0.020101477769279102,0.012871113105258602,0.006312036191421673,0.0023899739916846408,0.0005292930649006686,7.978552708203425e-05
155,0.14848604312662705,0.1363354990187901,0.124742559846036,0.10858075585691523,0.09058130739301123,0.07679873107857352,0.06884588158869584,0.06015554677327109,0.04980380657007665,0.039303501186093916,0.030035655643389194,0.02272950164635467,0.016910698732146692,0.012158312221865107,0.007966929196553677,0.0043532996520855936,0.0017157821859667079,0.0004340433713226477,5.826085521109365e-05,3.88405701407291e-06,0.0
156,0.11838424315741716,0.12135188265537573,0.12067140480871008,0.11199531226372293,0.0954181158324512,0.07007031604415542,0.054608347194919075,0.05241569635566307,0.04782247089066987,0.044438983819748964,0.04562982005141387,0.03646227128383486,0.026387418720701637,0.020660063511265682,0.014384545592015721,0.00971571147739301,0.006162104944805684,0.002608498412218357,0.0007182821714804171,9.4510812036897e-05,0.0
157,0.0649905130205356,0.07062046727172998,0.07067691154314298,0.06556653404675034,0.06263432651129539,0.07087953200462555,0.08506441159741632,0.0908911971540509,0.07307651672270088,0.06453027511516804,0.05854573505637915,0.06460263956569752,0.05311695397765676,0.04141996419406988,0.02938141420398381,0.018648318901449752,0.00972144028413178,0.0039554408659419615,0.001338742334795578,0.00029669424717091185,4.1971381307104606e-05
158,0.0878834320237403,0.08907116356399317,0.07541506618945829,0.06970709560820865,0.07270534566212664,0.07792054671482432,0.07668196845729013,0.08278886395465974,0.06959499395299444,0.06010457361103149,0.05796099203651682,0.05473461426110506,0.04502118499469011,0.034488577575027914,0.019137817126539395,0.013076137669705185,0.008365308752187434,0.004126944801622728,0.0010384332932019647,0.0001665315304247646,1.0408220651547788e-05
159,0.08062061491072958,0.08412740138521538,0.08315142199232038,0.08379653486005244,0.08284310799816266,0.07792922612274798,0.07730116575449807,0.07657415285404204,0.071505357426994,0.06393058912182631,0.055624220553665844,0.04778175202423377,0.03796633332232527,0.02912420404156247,0.020700341350209706,0.014023663345232057,0.008546352476365177,0.0036723638426966972,0.0007100324537886272,6.794580427453324e-05,3.21835905718892e-06
160,0.17468056919829422,0.15794114134071452,0.13837152928099233,0.11693174519657938,0.09419047821379986,0.07599539779609234,0.06055745283687922,0.04780102214130926,0.037524611816004624,0.029372735716254015,0.022852769436654027,0.016412726554779523,0.011313906507099587,0.007639603489467963,0.004651390948759477,0.002490044059436219,0.0009459524010483358,0.00028758230346949594,3.738924765959054e-05,1.9071620988877736e-06,4.435260695087846e-08
161,0.05367083140289949,0.0629052307173594,0.06106825059956133,0.05038980122930554,0.0543251719821619,0.06952231706544314,0.09005940241861728,0.09025591680029182,0.080294384663232,0.07272127706909114,0.0641046494848678,0.06810763066034951,0.060486455510269176,0.04932274096798779,0.031258667212024506,0.01859385323544002,0.01578318433049001,0.005124771333654573,0.0017974502283653062,0.00019552736820557202,1.2485720382637486e-05
162,0.03727793885303398,0.038261651065502944,0.03379625586698397,0.029343879313358634,0.07127342386996334,0.1583349533500996,0.1933690044203419,0.1414379224934245,0.0991631644317749,0.07813717526709066,0.04909228595555903,0.03734039909314167,0.021018529042329464,0.005385623232517824,0.003538292149801012,0.002138275854553359,0.0006443497837807871,0.00035018691994806,7.767303863509602e-05,1.7699505978995513e-05,1.3164921802558645e-06
163,0.059905138017045,0.06286219999364985,0.060292915700911824,0.0560666547116539,0.0617926288253246,0.0678286879462913,0.0703901016071741,0.06796874941771486,0.06404586551087632,0.06345228869179516,0.06801600302184563,0.06655418221973583,0.05723615905414086,0.049113666979554105,0.04843524236403372,0.03391043847021749,0.022865258807393568,0.013077859778432772,0.005066778882796603,0.001029263993066689,8.991600634599508e-05
164,0.0720940264643075,0.07191408633312996,0.07111508065131178,0.07470077505338621,0.0769786264490543,0.0778628355704698,0.07196056093654668,0.0658598754957291,0.06919413037675412,0.06493157508389262,0.05648511382702868,0.05526426174496644,0.04962236405582673,0.040550283137583895,0.03177254137431361,0.023065107344417326,0.01446551822757779,0.008259371186699206,0.0030714946232458817,0.0007102272727272726,0.00012214479103111653
165,0.10582012800206601,0.10085226507071546,0.08987389169665924,0.07763211150704581,0.08502688939359947,0.09678462815712459,0.09124917544663033,0.07573900764200915,0.06221022346758846,0.05327827566740162,0.04488505004336729,0.042136339173492986,0.03263985605008062,0.021252065800406998,0.008919610193929204,0.0058807859031229604,0.0039031155330582572,0.0014165488505124121,0.0004449923033699992,4.9410316323048365e-05,5.629781496201875e-06
166,0.13910334639347421,0.1290641659708395,0.12357890680197828,0.09980730939687842,0.08470036611214593,0.07527137259939623,0.07038345430021196,0.05697861134305351,0.05189800244074764,0.042552508189350635,0.0383004688804676,0.029179780332712443,0.022442032243560926,0.01558866979253645,0.01025114008606847,0.005677949771982787,0.004130001926906031,0.0009313379150876742,0.00014772946239321728,1.2846040208105853e-05,0.0
167,0.08891472569004072,0.08725950377819208,0.08435106440004438,0.08057107395286596,0.0784449919228256,0.0778782227720276,0.0786867769858728,0.07034322372263316,0.06345835646305617,0.061382818279457435,0.056644062699211475,0.048910093883260904,0.03999524395830009,0.032809223048812404,0.022184875279757356,0.013932647303731378,0.008562131302247845,0.004009426573418309,0.0013557000793689483,0.00027424889144042624,3.158901343486843e-05
168,0.13975674518144274,0.1329962059862289,0.12035319835593844,0.1083209733653644,0.09864475738245328,0.09445526900692412,0.07810516948935389,0.06046828000161064,0.04624849875058111,0.03389520854762916,0.024205082401080595,0.01993233271114746,0.01622670505161902,0.011577382606371985,0.007869824828444087,0.004252583280449198,0.0018919819221117355,0.000624493135933247,0.0001505492351573063,2.29617533727987e-05,1.7970067856972899e-06
169,0.1636260593478681,0.15059651723837156,0.13432815489740418,0.11670068107172506,0.09522074356536728,0.07730325564983696,0.06389614595442426,0.05323373399951618,0.043660632542700716,0.03269974775365411,0.023113024422921388,0.017005261778362,0.011763476811945412,0.007731731693904187,0.004965392750482641,0.002664724158151713,0.0011397334023508275,0.00030813997046689844,4.064591410793312e-05,2.0872226163533224e-06,1.0985382191333277e-07
170,0.1486964908396914,0.15644563388940505,0.1357441684374387,0.11515860806738848,0.09477454205507323,0.07100497602231241,0.06067475934185088,0.05478009760279524,0.04792928943980619,0.033773782044864566,0.025250528411550455,0.019124620523659718,0.014024937923099372,0.010102777632857255,0.005969534729928467,0.004105042153070849,0.0018378428682418661,0.0005212908611239972,7.614202461643453e-05,4.653123726559888e-06,2.8200749857938716e-07
